stationTriplet,in_snow_per_in_water
1011:WA:SNTL,4.9999999999999885
1014:CO:SNTL,9.999999999999986
1015:WY:SNTL,7.500000000000002
1016:ID:SNTL,6.666666666666667
1017:NM:SNTL,7.499999999999986
1030:CO:SNTL,8.000000000000002
1032:CO:SNTL,7.5000000000000275
1033:CO:SNTL,7.500000000000017
1035:AK:SNTL,9.999999999999998
1039:UT:SNTL,6.666666666666665
1040:CO:SNTL,9.999999999999986
1041:CO:SNTL,9.99999999999999
1042:CO:SNTL,6.6666666666666865
1045:WY:SNTL,9.999999999999993
1046:WY:SNTL,9.642857142857043
1047:WY:SNTL,7.499999999999922
1049:CA:SNTL,6.666666666666679
1050:CA:SNTL,7.500000000000023
1051:CA:SNTL,7.5000000000000275
1052:CA:SNTL,6.666666666666706
1053:ID:SNTL,7.500000000000003
1054:UT:SNTL,6.000000000000007
1058:CO:SNTL,8.166666666666664
1060:CO:SNTL,7.500000000000007
1061:CO:SNTL,9.99999999999999
1066:UT:SNTL,6.7543859649123
1067:CA:SNTL,6.666666666666567
1068:WA:SNTL,5.000000000000003
1069:WA:SNTL,5.000000000000003
1070:AK:SNTL,9.999999999999995
1077:OR:SNTL,5.000000000000001
1080:WA:SNTL,6.153846153846161
1081:ID:SNTL,5.000000000000034
1082:WY:SNTL,6.249999999999985
1083:NM:SNTL,7.5000000000000275
1085:WA:SNTL,5.0
1099:UT:SNTL,7.500000000000022
1100:CO:SNTL,9.999999999999966
1101:CO:SNTL,9.999999999999993
1103:AK:SNTL,7.499999999999999
1105:MT:SNTL,9.999999999999998
1110:NV:SNTL,5.0
1111:NV:SNTL,6.666666666666656
1112:NV:SNTL,6.000000000000007
1116:UT:SNTL,6.66666666666667
1117:UT:SNTL,8.333333333333329
1119:WY:SNTL,8.000000000000053
1120:CO:SNTL,7.499999999999991
1121:AZ:SNTL,5.999999999999999
1124:CO:SNTL,9.999999999999998
1125:AZ:SNTL,6.000000000000001
1127:AZ:SNTL,5.0
1130:WY:SNTL,9.999999999999995
1131:WY:SNTL,10.0
1132:WY:SNTL,9.999999999999975
1133:WY:SNTL,7.999999999999996
1134:WY:SNTL,6.904761904761919
1135:UT:SNTL,7.4999999999999885
1139:AZ:SNTL,6.666666666666667
1141:CO:SNTL,9.999999999999966
1144:MT:SNTL,6.6666666666666705
1148:UT:SNTL,8.333333333333336
1149:UT:SNTL,6.666666666666665
1154:UT:SNTL,7.777777777777783
1156:UT:SNTL,7.500000000000002
1158:OR:SNTL,6.666666666666668
1160:CO:SNTL,7.499999999999996
1161:CO:SNTL,9.999999999999995
1162:UT:SNTL,10.0
1163:UT:SNTL,8.571428571428577
1164:UT:SNTL,7.499999999999999
1166:OR:SNTL,5.000000000000005
1168:NM:SNTL,6.6666666666666785
1169:NM:SNTL,8.750000000000004
1170:NM:SNTL,6.666666666666667
1171:WA:SNTL,6.249999999999988
1173:NM:SNTL,7.142857142857144
1185:CO:SNTL,7.142857142857131
1186:CO:SNTL,8.333333333333297
1187:CO:SNTL,8.571428571428562
1188:CO:SNTL,8.57142857142857
1190:MT:SNTL,9.999999999999993
1192:UT:SNTL,8.88888888888888
1196:WY:SNTL,7.142857142857154
1197:UT:SNTL,8.57142857142857
1214:UT:SNTL,8.333333333333332
1223:UT:SNTL,7.499999999999991
1225:UT:SNTL,7.499999999999996
1242:NV:SNTL,6.458333333333325
1243:NV:SNTL,5.999999999999998
1244:NV:SNTL,6.666666666666664
1248:UT:SNTL,7.7777777777777715
1251:CO:SNTL,7.499999999999975
1252:CO:SNTL,7.999999999999978
1254:NM:SNTL,6.666666666666663
1257:WA:SNTL,5.000000000000017
1263:WA:SNTL,5.833333333333339
1271:AZ:SNTL,6.000000000000002
1286:MT:SNTL,6.0
1305:ID:SNTL,6.666666666666674
1306:ID:SNTL,5.857142857142864
1307:NM:SNTL,7.500000000000009
1308:UT:SNTL,6.666666666666666
1309:UT:SNTL,7.500000000000001
1310:NV:SNTL,6.666666666666607
1311:MT:SNTL,5.634920634920627
1312:MT:SNTL,6.666666666666656
1314:OR:SNTL,5.63492063492065
1317:CA:SNTL,8.333333333333336
1319:WA:SNTL,5.625000000000001
1321:UT:SNTL,6.666666666666656
1324:CO:SNTL,9.999999999999986
1325:CO:SNTL,7.888888888888895
1326:CO:SNTL,9.999999999999975
1331:CA:SNTL,5.5050505050505025
1345:WA:SNTL,3.9999999999999982
301:CA:SNTL,6.000000000000004
302:OR:SNTL,6.666666666666706
304:OR:SNTL,5.999999999999997
306:ID:SNTL,6.666666666666664
310:AZ:SNTL,7.499999999999997
311:MT:SNTL,7.500000000000002
313:MT:SNTL,9.999999999999973
314:WY:SNTL,7.500000000000037
316:NM:SNTL,7.142857142857146
319:ID:SNTL,6.666666666666671
320:ID:SNTL,7.499999999999964
323:ID:SNTL,5.384615384615361
324:ID:SNTL,6.249999999999985
325:WY:SNTL,9.999999999999995
326:WY:SNTL,8.333333333333329
327:CO:SNTL,8.000000000000036
328:MT:SNTL,8.333333333333329
330:UT:SNTL,8.333333333333334
331:OR:SNTL,5.000000000000061
335:CO:SNTL,9.999999999999966
338:ID:SNTL,6.666666666666627
339:UT:SNTL,8.333333333333329
340:NV:SNTL,7.142857142857154
341:OR:SNTL,6.000000000000009
342:WY:SNTL,7.999999999999984
344:OR:SNTL,5.999999999999982
351:OR:SNTL,5.0000000000000115
352:WA:SNTL,6.666666666666661
353:WY:SNTL,7.500000000000005
355:MT:SNTL,9.999999999999966
356:CA:SNTL,6.000000000000009
357:OR:SNTL,6.666666666666652
358:WY:SNTL,8.749999999999972
361:OR:SNTL,6.666666666666691
362:OR:SNTL,5.999999999999997
363:MT:SNTL,9.999999999999977
364:UT:SNTL,8.0
365:MT:SNTL,7.499999999999954
366:UT:SNTL,8.0
367:WY:SNTL,7.999999999999991
368:UT:SNTL,8.000000000000002
369:CO:SNTL,10.000000000000002
370:ID:SNTL,6.428571428571427
375:WA:SNTL,6.666666666666656
376:WA:SNTL,5.714285714285712
377:WY:SNTL,10.0
379:WY:SNTL,9.999999999999932
380:CO:SNTL,9.99999999999997
381:MT:SNTL,9.045454545454541
382:ID:SNTL,6.66666666666667
385:MT:SNTL,7.4999999999999964
386:CO:SNTL,7.999999999999991
387:CO:SNTL,8.888888888888882
388:OR:SNTL,6.666666666666656
390:UT:SNTL,9.37499999999999
392:UT:SNTL,8.000000000000018
393:UT:SNTL,8.333333333333336
394:NM:SNTL,7.499999999999975
396:UT:SNTL,8.571428571428577
398:OR:SNTL,5.454545454545457
401:OR:SNTL,7.142857142857151
402:WY:SNTL,9.999999999999991
403:MT:SNTL,9.999999999999948
405:WY:SNTL,9.999999999999995
407:MT:SNTL,8.619047619047631
408:CO:SNTL,7.999999999999982
412:CO:SNTL,10.0
415:CO:SNTL,9.99999999999999
416:AZ:SNTL,5.999999999999998
417:NV:SNTL,6.666666666666687
418:WA:SNTL,6.666666666666656
420:WA:SNTL,5.000000000000003
422:OR:SNTL,6.6666666666666705
423:ID:SNTL,6.666666666666677
426:CO:SNTL,10.0
428:CA:SNTL,6.666666666666557
430:CO:SNTL,8.333333333333334
431:CO:SNTL,7.142857142857141
432:UT:SNTL,8.0
433:MT:SNTL,9.999999999999966
435:UT:SNTL,7.499999999999991
436:MT:SNTL,6.666666666666656
438:CO:SNTL,8.571428571428598
439:ID:SNTL,6.250000000000011
449:WY:SNTL,7.928571428571418
450:ID:SNTL,7.142857142857131
451:WY:SNTL,9.999999999999993
453:NV:SNTL,6.666666666666656
457:CO:SNTL,7.999999999999996
460:WY:SNTL,7.4999999999999964
462:CA:SNTL,6.666666666666656
463:CA:SNTL,5.333333333333333
464:OR:SNTL,5.999999999999996
465:CO:SNTL,8.000000000000009
467:CO:SNTL,7.499999999999996
468:WY:SNTL,7.499999999999991
469:MT:SNTL,7.499999999999996
472:WY:SNTL,8.333333333333336
473:CA:SNTL,7.999999999999998
474:UT:SNTL,5.714285714285713
478:WA:SNTL,6.666666666666631
479:OR:SNTL,6.666666666666607
480:MT:SNTL,7.14285714285714
481:UT:SNTL,7.888888888888875
482:MT:SNTL,6.6666666666665275
483:OR:SNTL,5.9999999999999645
485:CO:SNTL,9.999999999999996
486:NM:SNTL,6.666666666666667
488:AZ:SNTL,5.714285714285713
489:ID:SNTL,8.333333333333297
490:ID:SNTL,7.692307692307693
491:NM:SNTL,8.57142857142857
492:ID:SNTL,6.666666666666667
494:OR:SNTL,6.666666666666671
496:ID:SNTL,6.66666666666667
497:WY:SNTL,7.500000000000012
499:WY:SNTL,7.238095238095289
500:MT:SNTL,6.666666666666671
501:WY:SNTL,9.999999999999986
502:WA:SNTL,6.666666666666664
503:NV:SNTL,7.499999999999986
504:OR:SNTL,5.714285714285715
505:CO:SNTL,9.999999999999911
506:WY:SNTL,9.999999999999973
507:WA:SNTL,5.505050505050516
508:CA:SNTL,8.181818181818189
510:MT:SNTL,8.000000000000004
511:AZ:SNTL,6.666666666666664
512:WY:SNTL,9.999999999999998
513:UT:SNTL,7.5000000000000275
514:UT:SNTL,6.25
517:UT:SNTL,9.999999999999966
518:CA:SNTL,6.666666666666663
521:UT:SNTL,9.99999999999999
522:UT:SNTL,10.0
523:OR:SNTL,5.555555555555555
524:ID:SNTL,6.666666666666667
525:WY:SNTL,9.99999999999999
526:OR:SNTL,6.666666666666656
527:NV:SNTL,6.666666666666681
528:UT:SNTL,9.999999999999993
531:CO:SNTL,9.999999999999911
532:NM:SNTL,7.9999999999999964
535:ID:SNTL,6.666666666666664
537:ID:SNTL,8.0
538:CO:SNTL,10.0
539:CA:SNTL,6.742424242424281
540:CA:SNTL,8.0
541:CA:SNTL,6.249999999999973
542:CO:SNTL,10.0
545:OR:SNTL,6.086956521739127
547:CO:SNTL,9.999999999999977
555:WY:SNTL,8.166666666666668
556:CO:SNTL,9.999999999999986
557:UT:SNTL,8.333333333333329
560:WY:SNTL,10.0
561:UT:SNTL,6.999999999999989
562:MT:SNTL,7.500000000000025
563:OR:SNTL,5.999999999999996
564:CO:SNTL,9.99999999999999
566:UT:SNTL,7.999999999999991
570:NV:SNTL,7.999999999999996
574:CA:SNTL,5.416666666666647
575:CA:SNTL,7.9999999999999964
577:WY:SNTL,6.666666666666669
578:MT:SNTL,9.999999999999996
579:UT:SNTL,9.999999999999995
580:CO:SNTL,7.692307692307684
585:WY:SNTL,9.99999999999999
586:CO:SNTL,9.999999999999963
587:CA:SNTL,7.500000000000002
588:ID:SNTL,6.874999999999999
589:CO:SNTL,8.571428571428584
590:MT:SNTL,8.88888888888889
592:UT:SNTL,7.8888888888888715
593:UT:SNTL,7.500000000000002
594:ID:SNTL,6.666666666666667
596:UT:SNTL,6.666666666666667
597:WY:SNTL,7.499999999999986
599:WA:SNTL,6.666666666666656
600:ID:SNTL,5.00000000000009
601:ID:SNTL,6.666666666666696
602:CO:SNTL,9.999999999999966
603:MT:SNTL,8.888888888888905
604:MT:SNTL,8.571428571428573
605:OR:SNTL,5.000000000000005
606:WA:SNTL,6.249999999999994
607:CO:SNTL,8.090909090909095
613:MT:SNTL,9.545454545454506
615:NV:SNTL,6.273148148148158
617:AZ:SNTL,7.142857142857142
618:CO:SNTL,7.500000000000002
619:OR:SNTL,6.000000000000009
621:UT:SNTL,8.0
623:ID:SNTL,6.153846153846166
624:CO:SNTL,7.499999999999991
625:WY:SNTL,8.0
626:UT:SNTL,6.666666666666667
627:ID:SNTL,6.666666666666696
628:UT:SNTL,6.666666666666706
629:CO:SNTL,9.999999999999918
632:CO:SNTL,7.500000000000018
633:CA:SNTL,7.500000000000007
635:MT:SNTL,9.999999999999744
638:ID:SNTL,7.500000000000004
640:AZ:SNTL,6.5
642:WA:SNTL,6.099033816425118
643:UT:SNTL,7.500000000000003
645:ID:SNTL,5.999999999999997
647:OR:SNTL,6.250000000000002
651:OR:SNTL,5.000000000000012
652:NV:SNTL,6.2500000000000195
653:OR:SNTL,6.666666666666664
655:OR:SNTL,6.36363636363637
657:MT:SNTL,8.571428571428577
658:CO:SNTL,9.999999999999966
660:OR:SNTL,6.666666666666736
661:WY:SNTL,8.660714285714292
662:MT:SNTL,9.999999999999966
663:CO:SNTL,9.999999999999966
664:MT:SNTL,5.3846153846153815
665:NM:SNTL,9.999999999999995
666:OR:SNTL,4.999999999999991
667:MT:SNTL,6.666666666666656
668:WY:SNTL,7.500000000000002
669:CO:SNTL,8.000000000000009
670:MT:SNTL,8.0
672:WA:SNTL,5.000000000000001
673:WY:SNTL,7.500000000000051
675:CO:SNTL,7.5000000000000275
676:WY:SNTL,9.999999999999998
679:WA:SNTL,5.0
680:CO:SNTL,8.000000000000004
683:WY:SNTL,8.000000000000018
684:UT:SNTL,7.499999999999986
687:OR:SNTL,5.590277777777777
689:WY:SNTL,7.142857142857108
692:WA:SNTL,5.454545454545455
693:MT:SNTL,7.9999999999999964
694:UT:SNTL,7.142857142857142
695:ID:SNTL,7.9999999999999645
696:MT:SNTL,9.999999999999993
697:CA:SNTL,7.999999999999987
699:WA:SNTL,6.666666666666786
700:MT:SNTL,9.999999999999995
702:WA:SNTL,6.594202898550684
703:WY:SNTL,9.999999999999975
707:WA:SNTL,5.000000000000034
708:NM:SNTL,7.499999999999999
709:CO:SNTL,6.79487179487184
712:OR:SNTL,5.0
713:CO:SNTL,9.999999999999964
715:NM:SNTL,9.999999999999993
717:CO:SNTL,8.660714285714283
718:CO:SNTL,7.500000000000007
719:OR:SNTL,6.666666666666656
720:UT:SNTL,9.999999999999966
723:UT:SNTL,6.6666666666666465
724:CA:SNTL,7.142857142857142
725:MT:SNTL,7.5000000000000115
727:MT:SNTL,7.142857142857154
729:OR:SNTL,6.363636363636362
731:WY:SNTL,8.39743589743592
732:WY:SNTL,8.333333333333336
734:WA:SNTL,6.666666666666607
736:OR:SNTL,6.0000000000000355
737:CO:SNTL,7.500000000000007
738:ID:SNTL,5.0000000000000115
739:CO:SNTL,8.660714285714288
740:ID:SNTL,6.363636363636372
744:NM:SNTL,7.499999999999999
751:WY:SNTL,9.99999999999999
752:ID:SNTL,6.000000000000001
753:MT:SNTL,10.0
754:MT:SNTL,9.999999999999966
760:MT:SNTL,7.500000000000005
762:CO:SNTL,10.0
763:UT:SNTL,8.75
764:WY:SNTL,7.999999999999982
766:UT:SNTL,6.6666666666666705
769:ID:SNTL,7.142857142857146
771:CA:SNTL,8.000000000000009
772:WY:SNTL,9.999999999999952
775:WY:SNTL,9.999999999999986
778:CA:SNTL,9.230769230769232
780:CO:SNTL,7.599999999999999
782:ID:SNTL,6.666666666666656
783:MT:SNTL,7.499999999999975
784:CA:SNTL,5.000000000000022
786:WY:SNTL,9.999999999999998
787:MT:SNTL,5.833333333333329
788:WA:SNTL,5.00000000000009
790:UT:SNTL,9.999999999999986
791:WA:SNTL,6.666666666666656
792:ID:SNTL,6.6666666666666865
793:CO:SNTL,6.666666666666681
795:UT:SNTL,7.500000000000002
797:CO:SNTL,8.33333333333334
798:WY:SNTL,10.0
801:OR:SNTL,5.811403508771922
802:CO:SNTL,9.999999999999996
803:ID:SNTL,6.250000000000001
805:ID:SNTL,7.032967032967033
809:CA:SNTL,7.999999999999993
811:NV:SNTL,5.999999999999997
812:OR:SNTL,5.714285714285709
813:MT:SNTL,8.33333333333334
814:UT:SNTL,7.499999999999986
815:OR:SNTL,6.666666666666668
817:WA:SNTL,6.6666666666666625
818:WY:SNTL,10.0
820:UT:SNTL,6.666666666666706
821:OR:SNTL,6.000000000000001
822:WY:SNTL,8.333333333333345
825:CO:SNTL,6.666666666666677
826:WY:SNTL,10.0
827:CO:SNTL,9.09090909090909
828:UT:SNTL,7.999999999999982
830:ID:SNTL,6.666666666666656
831:WY:SNTL,7.500000000000025
832:WA:SNTL,5.714285714285721
833:UT:SNTL,7.500000000000002
834:CA:SNTL,6.666666666666672
835:MT:SNTL,8.333333333333345
836:MT:SNTL,6.9999999999999645
837:WY:SNTL,6.6666666666666865
838:CO:SNTL,9.999999999999911
839:CO:SNTL,9.999999999999966
840:CO:SNTL,6.66666666666667
841:WA:SNTL,6.666666666666667
842:CO:SNTL,7.999999999999991
843:CO:SNTL,7.500000000000007
845:ID:SNTL,6.666666666666693
846:CA:SNTL,8.856209150326794
848:CA:SNTL,6.250000000000015
852:WY:SNTL,9.999999999999911
853:UT:SNTL,6.666666666666672
854:NM:SNTL,8.333333333333334
855:ID:SNTL,6.250000000000002
856:UT:SNTL,7.142857142857154
857:CO:SNTL,9.999999999999991
859:WY:SNTL,7.499999999999993
861:AZ:SNTL,5.714285714285714
862:MT:SNTL,7.500000000000007
863:WA:SNTL,6.499999999999999
865:UT:SNTL,7.4999999999999964
866:AZ:SNTL,6.666666666666673
869:CO:SNTL,7.500000000000004
873:OR:SNTL,6.666666666666659
874:CO:SNTL,6.666666666666771
875:WY:SNTL,8.000000000000018
878:WY:SNTL,8.333333333333297
895:ID:SNTL,7.4999999999999805
896:UT:SNTL,6.666666666666671
897:WA:SNTL,5.0000000000000115
898:WA:SNTL,5.000000000000034
899:WA:SNTL,5.00000000000009
901:MT:SNTL,5.999999999999995
902:AZ:SNTL,5.584415584415584
904:CO:SNTL,7.9999999999999645
905:CO:SNTL,7.272727272727272
906:UT:SNTL,8.0
907:UT:SNTL,7.692307692307693
908:WA:SNTL,4.545454545454555
909:WA:SNTL,6.363636363636376
910:WA:SNTL,5.0
911:WA:SNTL,4.999999999999998
912:WA:SNTL,4.545454545454529
913:CO:SNTL,9.99999999999997
916:MT:SNTL,9.999999999999966
921:NM:SNTL,5.000000000000034
922:NM:SNTL,8.0
923:WY:SNTL,9.999999999999911
925:OR:SNTL,5.000000000000008
926:ID:SNTL,8.000000000000018
927:AZ:SNTL,6.6666666666666625
928:WA:SNTL,5.0000000000000195
929:MT:SNTL,9.999999999999911
930:MT:SNTL,9.999999999999986
931:WY:SNTL,10.0
934:NM:SNTL,8.944444444444454
935:CO:SNTL,9.999999999999986
936:CO:SNTL,10.0
937:CO:SNTL,9.999999999999996
938:CO:SNTL,9.999999999999977
939:CO:SNTL,9.999999999999996
940:CO:SNTL,7.500000000000007
941:WA:SNTL,6.666666666666667
942:WA:SNTL,5.954545454545437
944:WY:SNTL,8.888888888888886
945:OR:SNTL,5.000000000000003
946:AK:SNTL,7.5000000000000036
954:AK:SNTL,8.0
955:AK:SNTL,9.99999999999999
956:AK:SNTL,9.00000000000001
969:AZ:SNTL,6.666666666666666
970:CO:SNTL,9.99999999999999
971:UT:SNTL,6.363636363636362
972:UT:SNTL,6.250000000000001
979:ID:SNTL,6.666666666666656
981:MT:SNTL,9.999999999999998
983:UT:SNTL,8.750000000000014
988:ID:SNTL,5.714285714285718
990:WA:SNTL,5.7142857142857135
992:UT:SNTL,8.749999999999986
998:WA:SNTL,4.28571428571429
999:WA:SNTL,4.9999999999999885
