region,water_year,value,n
ALL,1928,-0.5152741290321036,7
ALL,1929,0.07954507739662531,7
ALL,1930,-0.9875024549122585,16
ALL,1931,-1.6263339663544847,28
ALL,1932,0.5825734524124688,40
ALL,1933,-0.3670915108888115,39
ALL,1934,-1.4413447214846964,41
ALL,1935,-0.41428364666519113,50
ALL,1936,0.8958059660019502,98
ALL,1937,-0.08962129796159675,168
ALL,1938,0.32678394561604057,185
ALL,1939,-0.5983295193812048,210
ALL,1940,-0.9448612021030208,228
ALL,1941,-0.9858516506672278,237
ALL,1942,-0.5692769655424913,242
ALL,1943,0.7563580002538722,246
ALL,1944,-0.7235400038839486,245
ALL,1945,-0.43690915582015283,248
ALL,1946,-0.3077614204994304,249
ALL,1947,-0.07683419162556891,254
ALL,1948,0.030152019272927884,265
ALL,1949,0.7444031083625237,307
ALL,1950,0.439146431957693,324
ALL,1951,0.23022693476320857,358
ALL,1952,1.5019123421116525,363
ALL,1953,-0.41635197164714,367
ALL,1954,-0.0689283768916849,378
ALL,1955,-0.4423024476064674,403
ALL,1956,0.3378439919908238,435
ALL,1957,0.249461400271899,460
ALL,1958,0.1801319058693945,462
ALL,1959,-0.17331222089159756,473
ALL,1960,-0.5761156937874051,491
ALL,1961,-0.7830245681843303,527
ALL,1962,0.5995416171635582,555
ALL,1963,-1.1026615860098834,582
ALL,1964,-0.13495858344102205,600
ALL,1965,1.0114037287727295,628
ALL,1966,-0.9954792265819353,646
ALL,1967,0.033776233490496174,677
ALL,1968,-0.23386287703875258,685
ALL,1969,0.458919572352028,704
ALL,1970,0.26327506053066085,738
ALL,1971,0.8669878733970271,744
ALL,1972,0.4082898546129956,757
ALL,1973,-0.34672416217678315,773
ALL,1974,0.5967366110558652,773
ALL,1975,0.681044222586031,790
ALL,1976,0.4694938038608444,807
ALL,1977,-1.4544515850695783,818
ALL,1978,0.3464807576338446,821
ALL,1979,0.4144277548284435,814
ALL,1980,0.4796137891231534,828
ALL,1981,-1.2243548782606961,828
ALL,1982,0.8320693684495513,839
ALL,1983,0.3773923228396821,846
ALL,1984,0.43348602158550925,814
ALL,1985,0.06455153519215005,815
ALL,1986,0.17514469547378259,794
ALL,1987,-0.6164414928513885,804
ALL,1988,-0.4923965079741291,787
ALL,1989,0.04580280714721348,781
ALL,1990,-0.35739716262096405,703
ALL,1991,-0.21261561798670428,654
ALL,1992,-0.851193415749631,586
ALL,1993,-0.07877561670075994,537
ALL,1994,-0.6080184699854748,532
ALL,1995,0.033345954571092386,539
ALL,1996,0.5602076723565836,523
ALL,1997,1.3487601292363691,497
ALL,1998,-0.18340012957357227,506
ALL,1999,0.1408018146411271,502
ALL,2000,0.0007351370810974298,501
ALL,2001,-0.8262217944107206,450
ALL,2002,-0.2396026719575799,463
ALL,2003,-0.02568802602908537,460
ALL,2004,-0.5873599136708938,474
ALL,2005,-0.49332047125975664,468
ALL,2006,0.49349518376655577,486
ALL,2007,-0.8307319926092076,464
ALL,2008,0.8284811925024657,450
ALL,2009,0.20851568001179124,440
ALL,2010,-0.4596584983156852,428
ALL,2011,1.094140125253581,416
ALL,2012,-0.3363417418247771,381
ALL,2013,-0.4835024775536488,350
ALL,2014,0.764971520085543,351
ALL,2015,-1.0088087123715639,336
ALL,2016,0.027824571035879677,339
ALL,2017,0.22502757614174607,343
ALL,2018,0.1503784834297925,346
ALL,2019,0.7514013115498958,331
ALL,2020,0.4180682824411855,211
ALL,2021,0.0073304526589042796,329
ALL,2022,-0.506754696119285,309
ALL,2023,1.120840145619651,307
ALL,2024,0.13888126348911875,307
ALL,2025,0.03349954094154743,304
ALL,2026,-1.6694070774018708,303
CO,1936,0.9938486055329446,14
CO,1937,-0.19506507471564447,40
CO,1938,0.3647014926767639,47
CO,1939,-0.3226628492115588,52
CO,1940,-0.8916750445422295,58
CO,1941,-0.3002016055828476,60
CO,1942,-0.2129864135874948,62
CO,1943,0.21647945276376654,62
CO,1944,-0.43401073709515336,60
CO,1945,-0.14059936459471256,60
CO,1946,-0.9537427095287732,62
CO,1947,0.0880664389552392,64
CO,1948,0.412917157491778,65
CO,1949,0.7441087525163541,80
CO,1950,-0.27196056162072313,84
CO,1951,0.21088354746014384,101
CO,1952,1.965619127990342,105
CO,1953,-0.8018990159756143,104
CO,1954,-0.8269763893160197,107
CO,1955,-0.7030979650808411,108
CO,1956,0.21653853494841943,110
CO,1957,0.9401314835033411,116
CO,1958,0.24151457960061032,112
CO,1959,0.03961820839375737,114
CO,1960,-0.0009618694837366474,117
CO,1961,-0.7016116940475585,121
CO,1962,0.8207987840720223,125
CO,1963,-0.9214112253728282,125
CO,1964,-0.5310877164679247,125
CO,1965,1.2786605601671046,133
CO,1966,-1.3158258660015905,131
CO,1967,-0.6966238959291665,141
CO,1968,-0.021706033043349518,140
CO,1969,0.009907442778794684,142
CO,1970,0.5985929831594354,145
CO,1971,0.06571470771263717,142
CO,1972,-0.5377435221491135,148
CO,1973,0.021743546030494283,149
CO,1974,0.11793858985950807,149
CO,1975,0.8154198488115452,152
CO,1976,-0.143662268142017,154
CO,1977,-1.7795896395010438,151
CO,1978,0.6819657706618565,150
CO,1979,1.2032399549858719,153
CO,1980,1.1716937222405723,152
CO,1981,-1.4416108313958513,152
CO,1982,0.45720030240685655,156
CO,1983,0.2738809022235468,157
CO,1984,1.0970827621357042,142
CO,1985,0.1341150132635043,145
CO,1986,0.19561596200846498,141
CO,1987,0.04897826567904697,141
CO,1988,-0.22078118625292356,139
CO,1989,-0.39686070596242723,141
CO,1990,-0.6372156483636741,121
CO,1991,-0.217355658094741,104
CO,1992,-0.0631333517830839,105
CO,1993,0.7098452976933236,99
CO,1994,-0.3077865160717228,99
CO,1995,0.11420027145376901,103
CO,1996,0.8200144881390077,102
CO,1997,0.5914331652951916,102
CO,1998,-0.18112378585302216,100
CO,1999,-0.9183419939562165,101
CO,2000,-0.09208748979296515,100
CO,2001,-0.18107252647665664,75
CO,2002,-1.121788895669958,76
CO,2003,0.36386744795434844,77
CO,2004,-1.0978094473211917,93
CO,2005,0.21667854310348872,95
CO,2006,0.20840066058737827,96
CO,2007,-0.44753610913424313,96
CO,2008,1.062222673265546,96
CO,2009,0.021106333194365782,98
CO,2010,-0.05506023641312596,98
CO,2011,0.7596206712082553,97
CO,2012,-1.152502302575272,96
CO,2013,-0.6295936255079131,96
CO,2014,0.8719150804584195,90
CO,2015,-0.594013267005781,91
CO,2016,0.18099286835837838,88
CO,2017,0.24745212071565856,88
CO,2018,-0.7672615226507359,85
CO,2019,1.2162723710239183,84
CO,2020,0.6606057480876035,13
CO,2021,0.1978882463936713,85
CO,2022,-0.14568730288061998,69
CO,2023,0.9390990289620373,75
CO,2024,0.7241050777487051,69
CO,2025,-0.14952626461709365,68
CO,2026,-2.2416402573211096,73
ID,1935,-0.7497746032863799,5
ID,1936,0.8219895052723752,16
ID,1937,-0.401111275023709,34
ID,1938,0.6014411373462645,38
ID,1939,-0.794696456862822,41
ID,1940,-0.9396407472766612,44
ID,1941,-1.3806324777277152,44
ID,1942,-0.8947355525254443,47
ID,1943,1.0215124092561059,47
ID,1944,-1.1794480654297044,48
ID,1945,-0.5435585090549675,51
ID,1946,0.40251009605378074,51
ID,1947,-0.40701142016290076,50
ID,1948,-0.35014652766106535,51
ID,1949,0.6275205731179584,59
ID,1950,0.8935681446179854,61
ID,1951,0.2863176604009735,62
ID,1952,1.4186370830391046,61
ID,1953,-0.02341230085871111,69
ID,1954,0.20227099294075207,71
ID,1955,-0.45220366561891245,80
ID,1956,0.6468290502786413,85
ID,1957,0.05011447570747985,91
ID,1958,0.3979849038943371,95
ID,1959,-0.4800908070312104,97
ID,1960,-0.7672984073768153,104
ID,1961,-0.6935866793166087,113
ID,1962,0.3168286842274429,126
ID,1963,-1.489372605061186,134
ID,1964,0.2808607169166703,142
ID,1965,0.900327635168624,149
ID,1966,-0.6588609165801341,156
ID,1967,0.19961660795069278,163
ID,1968,-0.7852908545234764,167
ID,1969,0.8752497991248063,173
ID,1970,0.012912819414665093,181
ID,1971,1.201714929513907,180
ID,1972,0.803066161315014,180
ID,1973,-0.560479813368762,187
ID,1974,1.0497433351926586,186
ID,1975,0.8090775638921093,188
ID,1976,0.6232825471058593,191
ID,1977,-1.7693768023607717,186
ID,1978,-0.05027166328886426,189
ID,1979,-0.08365393850921694,190
ID,1980,0.18816186591838466,198
ID,1981,-1.207892183308003,203
ID,1982,1.0264618894479682,203
ID,1983,0.6680264708040379,203
ID,1984,0.5275278553902651,194
ID,1985,0.30359374692084284,195
ID,1986,0.1398017489370953,190
ID,1987,-0.9620569507741742,198
ID,1988,-0.6789490793656016,192
ID,1989,0.5721983150064296,182
ID,1990,-0.6729605817083889,172
ID,1991,-0.5162808515700761,155
ID,1992,-1.4450939314584428,116
ID,1993,-0.003188795292023456,103
ID,1994,-0.8972099454131518,99
ID,1995,0.11874284990999735,101
ID,1996,0.13942261723576815,97
ID,1997,1.3173934389201778,95
ID,1998,0.002153888103916084,93
ID,1999,0.8405699034990178,91
ID,2000,0.1807881407898661,91
ID,2001,-1.1281941487028138,87
ID,2002,0.3275931925842539,85
ID,2003,-0.5767830061103173,87
ID,2004,-0.26444299469675697,87
ID,2005,-0.625820666542705,85
ID,2006,0.989970811497491,88
ID,2007,-0.9494115785029427,87
ID,2008,0.988726865741528,89
ID,2009,0.2922074002577592,92
ID,2010,-0.4703523449187379,85
ID,2011,1.0521787032794296,82
ID,2012,-0.07932290276485573,79
ID,2013,-0.5955128187924837,73
ID,2014,-0.04003102992404602,77
ID,2015,-1.4955945599413882,74
ID,2016,0.1723693228147477,76
ID,2017,0.36674162808753547,78
ID,2018,-0.15313349030512224,78
ID,2019,0.9262935652660792,71
ID,2020,0.4045504537777255,62
ID,2021,0.026386260371742225,75
ID,2022,-0.6953636365399781,77
ID,2023,1.464119229527578,76
ID,2024,0.4472526092279331,77
ID,2025,0.3334738513297773,78
ID,2026,-1.668414907437299,75
MT,1936,-0.25402948858029917,6
MT,1937,-0.28078766540400396,14
MT,1938,0.036801339633364814,17
MT,1939,-0.6354175446079554,31
MT,1940,-1.1499187334418663,35
MT,1941,-1.9819607913673314,39
MT,1942,-0.8703453240098771,40
MT,1943,0.621826605871842,41
MT,1944,-1.1878564170082724,41
MT,1945,-1.1533549120211397,43
MT,1946,-0.22392774804686824,44
MT,1947,0.41687672598614645,45
MT,1948,0.2609010078326181,55
MT,1949,0.5858523622347532,61
MT,1950,0.5264789780852093,64
MT,1951,0.19308510363966402,67
MT,1952,0.7353934197299001,65
MT,1953,-0.20676290021782365,62
MT,1954,0.5725707327373539,65
MT,1955,-0.4559202454599702,66
MT,1956,0.5581425017991618,67
MT,1957,-0.24257202611219805,68
MT,1958,-0.23026297673935697,69
MT,1959,0.3782249592605372,69
MT,1960,-0.9591897309573293,72
MT,1961,-0.86373677849626,80
MT,1962,0.143092509063069,89
MT,1963,-1.0199665788310328,104
MT,1964,0.14856428024575807,110
MT,1965,1.0626432088206226,120
MT,1966,-1.0248156350225104,128
MT,1967,0.8849215631158253,142
MT,1968,-0.052718702890982586,148
MT,1969,0.2482608015310646,163
MT,1970,0.43435423709023396,167
MT,1971,1.2263936108525983,180
MT,1972,1.1932559270412377,184
MT,1973,-1.013383107852244,188
MT,1974,1.07878906663438,195
MT,1975,0.7446512255578408,200
MT,1976,0.8697040130043995,207
MT,1977,-1.1192906995619767,217
MT,1978,0.13455787561772187,219
MT,1979,0.16423962273608658,219
MT,1980,-0.18806546235545835,219
MT,1981,-1.150807057649639,223
MT,1982,0.9463104474490364,222
MT,1983,-0.09820329536225654,224
MT,1984,-0.2996643885270256,219
MT,1985,0.07006027789215218,218
MT,1986,-0.4422486101867375,217
MT,1987,-0.8409036414000327,218
MT,1988,-0.5058814870814355,218
MT,1989,0.32156885992918477,216
MT,1990,0.08907374343358387,217
MT,1991,0.10074953971820164,206
MT,1992,-0.9054024927694244,201
MT,1993,-0.7233231810368055,193
MT,1994,-0.712743441248536,203
MT,1995,-0.059031128857578996,204
MT,1996,0.5607578351874961,202
MT,1997,1.9967410825956533,181
MT,1998,-0.5189492383532756,193
MT,1999,0.6229022308642453,190
MT,2000,-0.017548107471571713,188
MT,2001,-0.9598287098621637,168
MT,2002,0.002767898105549035,183
MT,2003,0.13242835529424157,183
MT,2004,-0.38462327349090214,182
MT,2005,-1.1407775330146253,179
MT,2006,0.40021559967741555,190
MT,2007,-0.8089319524914848,178
MT,2008,0.7059409498519417,156
MT,2009,0.4801676364926036,139
MT,2010,-0.7428037467066293,140
MT,2011,1.2988611060853483,136
MT,2012,0.43898946740971306,110
MT,2013,-0.215421333007766,83
MT,2014,1.5859779243790966,86
MT,2015,-1.097465747435681,82
MT,2016,-0.15074874482262243,82
MT,2017,-0.16936883726311117,89
MT,2018,1.4067339881425363,94
MT,2019,0.30681123581745695,90
MT,2020,0.345566152213282,60
MT,2021,-0.07629471708125996,89
MT,2022,-0.4934105779969288,86
MT,2023,0.8276589296423614,87
MT,2024,-0.5832360956358648,88
MT,2025,-0.051943256228508185,84
MT,2026,-1.044637263201835,88
North (MT+ID),1935,-0.7497746032863799,5
North (MT+ID),1936,0.5285297796761913,22
North (MT+ID),1937,-0.3660168888846284,48
North (MT+ID),1938,0.42691610896227733,55
North (MT+ID),1939,-0.7261180363086434,72
North (MT+ID),1940,-1.032801880387828,79
North (MT+ID),1941,-1.6631843359439202,83
North (MT+ID),1942,-0.8835216543573675,87
North (MT+ID),1943,0.8352951599520739,88
North (MT+ID),1944,-1.1833215757074718,89
North (MT+ID),1945,-0.8225079274331101,94
North (MT+ID),1946,0.11237046299663805,95
North (MT+ID),1947,-0.016748614092299496,95
North (MT+ID),1948,-0.03309356113132393,106
North (MT+ID),1949,0.6063392325856625,120
North (MT+ID),1950,0.705618491353204,125
North (MT+ID),1951,0.23789454952494454,129
North (MT+ID),1952,1.066170113871658,126
North (MT+ID),1953,-0.11018892040271859,131
North (MT+ID),1954,0.3792524862258927,136
North (MT+ID),1955,-0.453883763355281,146
North (MT+ID),1956,0.6077369532515023,152
North (MT+ID),1957,-0.075059625699678,159
North (MT+ID),1958,0.1336611004569902,164
North (MT+ID),1959,-0.12332100056054421,166
North (MT+ID),1960,-0.8457994033870256,176
North (MT+ID),1961,-0.7641152178366714,193
North (MT+ID),1962,0.24490998846172538,215
North (MT+ID),1963,-1.2842540053639762,238
North (MT+ID),1964,0.2231122723380975,252
North (MT+ID),1965,0.972736069511523,269
North (MT+ID),1966,-0.8237982544696558,284
North (MT+ID),1967,0.5186766198636397,305
North (MT+ID),1968,-0.44109822455011416,315
North (MT+ID),1969,0.571085493744509,336
North (MT+ID),1970,0.21515625835667657,348
North (MT+ID),1971,1.2140542701832526,360
North (MT+ID),1972,1.0003049439898086,364
North (MT+ID),1973,-0.7875353316698143,375
North (MT+ID),1974,1.064609260733697,381
North (MT+ID),1975,0.7758681111424863,388
North (MT+ID),1976,0.7514464753495724,398
North (MT+ID),1977,-1.4193304393152668,403
North (MT+ID),1978,0.04893830980070035,408
North (MT+ID),1979,0.049081244651471255,409
North (MT+ID),1980,-0.009425148211043684,417
North (MT+ID),1981,-1.1780095940549156,426
North (MT+ID),1982,0.9845945479802909,425
North (MT+ID),1983,0.2660698721594244,427
North (MT+ID),1984,0.08889564856729498,413
North (MT+ID),1985,0.18032426447954847,413
North (MT+ID),1986,-0.17052976931811778,407
North (MT+ID),1987,-0.8985679569194558,416
North (MT+ID),1988,-0.5869277741998743,410
North (MT+ID),1989,0.4361783092358645,398
North (MT+ID),1990,-0.24786688362147863,389
North (MT+ID),1991,-0.16418040667981237,361
North (MT+ID),1992,-1.1028921044032607,317
North (MT+ID),1993,-0.47273587788912796,296
North (MT+ID),1994,-0.7732142489051484,302
North (MT+ID),1995,-0.00016171293782420629,305
North (MT+ID),1996,0.4240704902332566,299
North (MT+ID),1997,1.7629076545189497,276
North (MT+ID),1998,-0.34949962030950343,286
North (MT+ID),1999,0.6933924736036201,281
North (MT+ID),2000,0.0471422100617288,279
North (MT+ID),2001,-1.017271036054856,255
North (MT+ID),2002,0.10579084598125767,268
North (MT+ID),2003,-0.09609530560278294,270
North (MT+ID),2004,-0.345754558787963,269
North (MT+ID),2005,-0.9749770267641963,264
North (MT+ID),2006,0.5869007026995977,278
North (MT+ID),2007,-0.8550516787669445,265
North (MT+ID),2008,0.8086672621546894,245
North (MT+ID),2009,0.4053090142692024,231
North (MT+ID),2010,-0.6398776615867592,225
North (MT+ID),2011,1.2060723123693604,218
North (MT+ID),2012,0.22234038146372925,189
North (MT+ID),2013,-0.39328465648394806,156
North (MT+ID),2014,0.8178632649843605,163
North (MT+ID),2015,-1.2863217225986447,156
North (MT+ID),2016,0.004675135813074595,158
North (MT+ID),2017,0.08103006272102317,167
North (MT+ID),2018,0.6993522246604584,172
North (MT+ID),2019,0.5799990953879675,161
North (MT+ID),2020,0.37554178087717954,122
North (MT+ID),2021,-0.02933695300214311,164
North (MT+ID),2022,-0.588811716081682,163
North (MT+ID),2023,1.1244134252943643,163
North (MT+ID),2024,-0.10234136669942571,165
North (MT+ID),2025,0.1336279437069626,162
North (MT+ID),2026,-1.3316515166844105,163
South (CO+UT),1930,-0.6060270376801649,5
South (CO+UT),1931,-1.4219017659631894,16
South (CO+UT),1932,0.6359535544906499,28
South (CO+UT),1933,-0.5072391526242035,27
South (CO+UT),1934,-1.695750843476918,29
South (CO+UT),1935,-0.36227528052877156,35
South (CO+UT),1936,0.8603001973369739,52
South (CO+UT),1937,0.22347415885552568,83
South (CO+UT),1938,0.3040636750304792,91
South (CO+UT),1939,-0.49249784366024507,94
South (CO+UT),1940,-0.8418997691245497,101
South (CO+UT),1941,-0.2835320728603922,103
South (CO+UT),1942,-0.07504145736579046,104
South (CO+UT),1943,0.2915097139118597,107
South (CO+UT),1944,-0.1722776985254139,105
South (CO+UT),1945,-0.05804810670614469,104
South (CO+UT),1946,-0.740058278930762,105
South (CO+UT),1947,-0.07400378678888699,108
South (CO+UT),1948,0.28625427712365686,106
South (CO+UT),1949,0.8850457269194074,123
South (CO+UT),1950,0.07975180072101545,131
South (CO+UT),1951,0.06195190367962771,155
South (CO+UT),1952,2.155571599867172,163
South (CO+UT),1953,-0.6912435843425273,163
South (CO+UT),1954,-0.6241335614389794,169
South (CO+UT),1955,-0.4263287367567259,186
South (CO+UT),1956,-0.08225377845653091,202
South (CO+UT),1957,0.6255348354466972,214
South (CO+UT),1958,0.4912727602585615,211
South (CO+UT),1959,-0.28767987622236696,216
South (CO+UT),1960,-0.21017023574221258,220
South (CO+UT),1961,-0.7799326754522203,231
South (CO+UT),1962,0.8718468542148504,238
South (CO+UT),1963,-1.0529640823053095,242
South (CO+UT),1964,-0.5375392771621507,246
South (CO+UT),1965,0.9783506253299539,250
South (CO+UT),1966,-1.0765495821830835,253
South (CO+UT),1967,-0.6432860871544807,262
South (CO+UT),1968,0.004654301008622694,259
South (CO+UT),1969,0.5643939767134589,258
South (CO+UT),1970,0.2416732417225863,277
South (CO+UT),1971,0.11659185240337197,272
South (CO+UT),1972,-0.590900747690084,281
South (CO+UT),1973,0.29640747165382897,280
South (CO+UT),1974,-0.006050617800002873,275
South (CO+UT),1975,0.6485176738557247,278
South (CO+UT),1976,-0.1720194497184492,280
South (CO+UT),1977,-1.6772601904481024,288
South (CO+UT),1978,0.6433808666135518,285
South (CO+UT),1979,0.995741969260426,278
South (CO+UT),1980,1.3189723146412606,284
South (CO+UT),1981,-1.2207332182629886,279
South (CO+UT),1982,0.6690911518970256,290
South (CO+UT),1983,0.6804159310375674,293
South (CO+UT),1984,1.067888521410738,278
South (CO+UT),1985,0.09957517341407356,278
South (CO+UT),1986,0.271041833348623,265
South (CO+UT),1987,-0.21468556176373974,267
South (CO+UT),1988,-0.4541949783181201,259
South (CO+UT),1989,-0.46878057049095734,264
South (CO+UT),1990,-0.6684250690873379,195
South (CO+UT),1991,-0.30172597356224806,181
South (CO+UT),1992,-0.43035389660960577,180
South (CO+UT),1993,0.7168447663574812,165
South (CO+UT),1994,-0.39943244896031765,158
South (CO+UT),1995,0.15032481502205913,162
South (CO+UT),1996,0.7002257331880609,157
South (CO+UT),1997,0.5852558542066203,157
South (CO+UT),1998,0.09115666683422177,155
South (CO+UT),1999,-0.867034394827925,156
South (CO+UT),2000,-0.014029967440805103,155
South (CO+UT),2001,-0.38371060733725765,130
South (CO+UT),2002,-0.7956633890957988,131
South (CO+UT),2003,0.07116508380078533,128
South (CO+UT),2004,-0.8925434513570385,144
South (CO+UT),2005,0.47468311740559677,146
South (CO+UT),2006,0.4268441097641836,147
South (CO+UT),2007,-0.731989446576298,146
South (CO+UT),2008,0.9959714514569439,146
South (CO+UT),2009,-0.0811483791351196,148
South (CO+UT),2010,-0.053051502939068185,146
South (CO+UT),2011,0.9023749018051155,138
South (CO+UT),2012,-1.1000346582931015,139
South (CO+UT),2013,-0.6216102621824331,136
South (CO+UT),2014,0.4907634824359257,128
South (CO+UT),2015,-0.7659499586291368,122
South (CO+UT),2016,0.13693759118041063,121
South (CO+UT),2017,0.23044027618086457,117
South (CO+UT),2018,-0.7764265191132763,113
South (CO+UT),2019,1.2301875862875173,112
South (CO+UT),2020,0.4553953744382018,33
South (CO+UT),2021,0.09039446185766493,106
South (CO+UT),2022,-0.23162145025584105,89
South (CO+UT),2023,1.1880093861520111,91
South (CO+UT),2024,0.7375884116617198,85
South (CO+UT),2025,-0.17637350134944418,85
South (CO+UT),2026,-2.214565879618586,90
UT,1930,-0.6060270376801649,5
UT,1931,-1.4219017659631894,16
UT,1932,0.6359535544906499,28
UT,1933,-0.5072391526242035,27
UT,1934,-1.695750843476918,29
UT,1935,-0.36227528052877156,35
UT,1936,0.8110981522121425,38
UT,1937,0.6128129807821956,43
UT,1938,0.2392914607264932,44
UT,1939,-0.7027697415490949,42
UT,1940,-0.7747610255379119,43
UT,1941,-0.2602722597592917,43
UT,1942,0.1285915732472016,42
UT,1943,0.3948847403825659,45
UT,1944,0.17669968623423865,45
UT,1945,0.054521790414629685,44
UT,1946,-0.4319551464406066,43
UT,1947,-0.30974229696216143,44
UT,1948,0.08544727166200146,41
UT,1949,1.1472540513902045,43
UT,1950,0.7083441078849738,47
UT,1951,-0.2166054300580043,54
UT,1952,2.499451074816606,58
UT,1953,-0.4961899421418318,59
UT,1954,-0.2740661004253773,62
UT,1955,-0.04310980523102808,78
UT,1956,-0.4395054575276672,92
UT,1957,0.25315512958373115,98
UT,1958,0.7738274696897789,99
UT,1959,-0.6534836178521529,102
UT,1960,-0.4478146906183454,103
UT,1961,-0.8660857549973485,110
UT,1962,0.9283159583551469,113
UT,1963,-1.193512006378473,117
UT,1964,-0.5442041125900698,121
UT,1965,0.6369726652159278,117
UT,1966,-0.8196217692304247,122
UT,1967,-0.5811321116401771,121
UT,1968,0.03566645871682529,119
UT,1969,1.2431619751507201,116
UT,1970,-0.1503976863709222,132
UT,1971,0.17216534891171306,130
UT,1972,-0.6500531490439462,133
UT,1973,0.6088114786605227,131
UT,1974,-0.15267277606402774,126
UT,1975,0.44717536755981435,126
UT,1976,-0.20667822720075527,126
UT,1977,-1.5644737174043495,137
UT,1978,0.6005087510043241,135
UT,1979,0.7417644347324801,125
UT,1980,1.4885658452844774,132
UT,1981,-0.9563757600252315,127
UT,1982,0.9157700513034911,134
UT,1983,1.1497247510655177,136
UT,1984,1.0374062994773172,136
UT,1985,0.06191895703687465,133
UT,1986,0.35680834834025427,124
UT,1987,-0.5097379400925725,126
UT,1988,-0.7245659541269728,120
UT,1989,-0.5512252932431748,123
UT,1990,-0.7194566894598151,74
UT,1991,-0.4156806853625174,77
UT,1992,-0.9444626593667365,75
UT,1993,0.7273439693537176,66
UT,1994,-0.553211217705587,59
UT,1995,0.21338969616670117,59
UT,1996,0.47807204218812327,55
UT,1997,0.573799750005997,55
UT,1998,0.5862120353564835,55
UT,1999,-0.7728149855196077,55
UT,2000,0.12789280047221313,55
UT,2001,-0.660035263056259,55
UT,2002,-0.3450172345569607,55
UT,2003,-0.3707580934506727,51
UT,2004,-0.5182348704812302,51
UT,2005,0.9552798734585433,51
UT,2006,0.8380317788028759,51
UT,2007,-1.2781398544650435,50
UT,2008,0.8687691055844279,50
UT,2009,-0.28156761530091096,50
UT,2010,-0.04895033876286687,48
UT,2011,1.2401105205342724,41
UT,2012,-0.9828975919887208,43
UT,2013,-0.6024501902012811,40
UT,2014,-0.4119639865647172,38
UT,2015,-1.2706673437170521,31
UT,2016,0.01945685203916317,33
UT,2017,0.17881812724769658,29
UT,2018,-0.8042488298031311,28
UT,2019,1.2719332320783148,28
UT,2020,0.3220086315660907,20
UT,2021,-0.34469942793093217,21
UT,2022,-0.5280942587003536,20
UT,2023,2.354776685480014,16
UT,2024,0.7957352891615953,16
UT,2025,-0.28376244827884634,17
UT,2026,-2.098305316543043,17
WY,1930,-1.2167700901418526,9
WY,1931,-2.0052122091220927,10
WY,1932,0.4660919614369516,10
WY,1933,-0.031933578689215904,10
WY,1934,-0.6326472827083444,10
WY,1935,-0.4285674498320654,10
WY,1936,1.3094049689080107,24
WY,1937,-0.43340331286742484,37
WY,1938,0.2385858850838116,39
WY,1939,-0.6153159807219919,44
WY,1940,-1.0167735176514754,48
WY,1941,-1.3019360356895533,51
WY,1942,-1.0410652973754844,51
WY,1943,1.5954226391784525,51
WY,1944,-1.0561278895771367,51
WY,1945,-0.5000144473449301,50
WY,1946,-0.19595241635324015,49
WY,1947,-0.1947521051162011,51
WY,1948,-0.3555613356200264,53
WY,1949,0.7329753429051272,64
WY,1950,0.6416712741277796,68
WY,1951,0.5693283876509262,74
WY,1952,0.8040347981128629,74
WY,1953,-0.3519687777248257,73
WY,1954,0.38144256563574264,73
WY,1955,-0.4603339704054129,71
WY,1956,0.8790294181481391,81
WY,1957,-0.08250264568127438,87
WY,1958,-0.4868739353775011,87
WY,1959,0.006961086542373044,91
WY,1960,-0.9239437767390809,95
WY,1961,-0.8253908967106951,103
WY,1962,0.7116705755232301,102
WY,1963,-0.7968557045415774,102
WY,1964,-0.0486743187443602,102
WY,1965,1.182641125120972,109
WY,1966,-1.2546223101855765,109
WY,1967,0.3019190531739065,110
WY,1968,-0.20230264864407962,111
WY,1969,-0.13108175413090611,110
WY,1970,0.46441706908272434,113
WY,1971,1.5738076489973218,112
WY,1972,0.9911386645594736,112
WY,1973,-0.4719162716063145,118
WY,1974,0.48995890514227325,117
WY,1975,0.45725964022409893,124
WY,1976,0.9920251817654062,129
WY,1977,-1.060632241683536,127
WY,1978,0.6338306612018632,128
WY,1979,0.318533038688999,127
WY,1980,0.20836509322722996,127
WY,1981,-1.3930827986755159,123
WY,1982,0.6904603482855841,124
WY,1983,0.05000160251023472,126
WY,1984,0.15667243707419995,123
WY,1985,-0.3995670827222878,124
WY,1986,1.1200362170596083,122
WY,1987,-0.5330053320917703,121
WY,1988,-0.2477895336381191,118
WY,1989,-0.11822608474191267,119
WY,1990,-0.2057739421995935,119
WY,1991,-0.22472398336719132,112
WY,1992,-0.8058296982440574,89
WY,1993,-0.2717377995014554,76
WY,1994,-0.3728443878776055,72
WY,1995,-0.08791427880164443,72
WY,1996,0.8396432231675222,67
WY,1997,1.4357203511375918,64
WY,1998,-0.10727473100021462,65
WY,1999,0.17071679169822854,65
WY,2000,-0.1583541488995184,67
WY,2001,-0.9617432974921921,65
WY,2002,-0.5477512479341702,64
WY,2003,0.08096951311083232,62
WY,2004,-0.9323666519775098,61
WY,2005,-0.7376513900868175,58
WY,2006,0.2284291774544746,61
WY,2007,-0.981141330137594,53
WY,2008,0.49629195738130205,59
WY,2009,0.16607339378688685,61
WY,2010,-0.7897516489997987,57
WY,2011,1.1285131926643852,60
WY,2012,-0.3257305326253549,53
WY,2013,-0.40231836337017707,58
WY,2014,1.2062594267629392,60
WY,2015,-0.7732352358396932,58
WY,2016,-0.131259840168871,60
WY,2017,0.6218800987974047,59
WY,2018,0.3193208079493372,61
WY,2019,0.3026374155405309,58
WY,2020,0.4887189816359567,56
WY,2021,-0.039980232877652636,59
WY,2022,-0.7016944264346493,57
WY,2023,0.9945223064607257,53
WY,2024,-0.055651606924236575,57
WY,2025,0.061892652287811135,57
WY,2026,-1.7892043613507045,50
