region,window,metric,metric_label,unit,n_winters,all_winters,n_nino,mean_nino,n_nina,mean_nina,n_neutral,mean_neutral,nino_minus_all,nina_minus_all,nino_minus_nina,pct_change_nino,pct_change_nina,r2,p_perm,n_test
Selkirk & Cabinet (Schweitzer/Silver),Spring,mean_depth_in,Average base (snow depth),in,25,77.25138141191829,9,63.54539506958534,9,91.17934987828052,7,76.96597582388065,-13.705986342332949,13.92796846636223,-27.63395480869518,-17.74205987236676,18.02941023422713,0.3419353155853697,0.0021995600879824,25
Whitefish & Flathead Range,Spring,mean_depth_in,Average base (snow depth),in,25,60.38421334790159,9,51.51428522341784,9,67.51438326126723,7,62.62104533362488,-8.86992812448375,7.130169913365641,-16.00009803784939,-14.689150744384069,11.80800331418646,0.341918535012308,0.0025994801039792,25
Bitterroot & Lolo (Montana Snowbowl),Spring,mean_swe_in,Average base (snow water equivalent),in,59,18.735097838790743,20,15.382184995385902,22,21.03014610383964,17,19.7096387233214,-3.352912843404841,2.2950482650488944,-5.647961108453735,-17.896425587181533,12.24999348707446,0.2763740545740337,0.0001999600079984,59
Central Cascades (Stevens/Snoqualmie),Spring,storm_days_per_window,Storm days (>= 2 in of new snow),days,45,8.674658120825233,15,6.447609176988597,16,10.7657028387077,14,8.671016597355957,-2.2270489438366363,2.0910447178824665,-4.318093661719103,-25.67304570182616,24.105211856851163,0.2565066077581561,0.0005998800239952,45
Bighorn Mtns,Holidays,new_snow_in_total,Total new snow in the window,in,48,12.341152967408078,16,8.481423812811508,16,14.275825952135609,16,14.266209137277125,-3.85972915459657,1.9346729847275304,-5.7944021393241005,-31.275271968427763,15.6765983683764,0.2431362426277766,0.0003999200159968,48
White Mtns AZ (Sunrise Park),Spring,mean_swe_in,Average base (snow water equivalent),in,46,4.279004875735714,15,6.256678898407261,16,2.7387957635415834,15,3.9442205727379007,1.977674022671548,-1.5402091121941304,3.517883134865678,46.21808294461256,-35.99456315013695,0.2394710328193383,0.0011997600479904,46
Bitterroot & Lolo (Montana Snowbowl),Spring,days_with_base_per_window,Days with a skiable base,days,59,30.31684337051925,20,25.781803473868692,22,34.248487038803326,17,30.56417497232876,-4.535039896650556,3.9316436682840745,-8.46668356493463,-14.958812964876568,12.968512652301028,0.2387475337402528,0.0003999200159968,56
Jemez & N New Mexico,Spring,mean_swe_in,Average base (snow water equivalent),in,46,7.235258991334843,15,9.632932421650084,16,5.946961033473128,15,6.211770049405425,2.3976734303152414,-1.2882979578617144,3.685971388176956,33.138736749945856,-17.80583057779435,0.236499838546324,0.0003999200159968,46
Mt Hood,Spring,mean_swe_in,Average base (snow water equivalent),in,48,27.183189381061,16,20.784725932391623,16,33.33729756316699,16,27.427544647624394,-6.3984634486693786,6.15410818210599,-12.552571630775368,-23.53831023642612,22.639389719271367,0.2351486522735534,0.0005998800239952,48
Park Range (Steamboat),Holidays,storm_days_per_window,Storm days (>= 2 in of new snow),days,47,4.270221524194568,16,2.720749737553291,16,5.41740319244083,15,4.699330983815916,-1.549471786641277,1.1471816682462617,-2.6966534548875387,-36.28551300821641,26.86468750500335,0.2250252134544826,0.0011997600479904,47
Central Cascades (Stevens/Snoqualmie),Spring,new_snow_in_total,Total new snow in the window,in,45,51.32655806570553,15,38.884508899637645,16,62.018378811312346,14,52.43810132008476,-12.442049166067882,10.69182074560682,-23.1338699116747,-24.240957576271203,20.83097162276052,0.2205256714696429,0.0013997200559888,45
Jemez & N New Mexico,Early season,new_snow_in_total,Total new snow in the window,in,46,19.68858651787075,15,25.283946859697902,16,15.765895459004817,15,18.27742997216725,5.595360341827153,-3.922691058865935,9.518051400693087,28.41930951593914,-19.92368042929554,0.2187654657591984,0.0007998400319936,46
Bitterroot & Lolo (Montana Snowbowl),Midwinter,new_snow_in_total,Total new snow in the window,in,59,57.98453042988305,20,45.69513330900135,22,67.65700292777967,17,59.925327339524735,-12.289397120881702,9.67247249789662,-21.961869618778323,-21.194268591590088,16.68112585578824,0.2121452478002013,0.0005998800239952,59
Snowy Range & Sierra Madre,Holidays,storm_days_per_window,Storm days (>= 2 in of new snow),days,46,4.314581673629837,15,3.0079444317605626,16,5.465496281437768,15,4.393576667170649,-1.3066372418692742,1.150914607807931,-2.457551849677205,-30.28421619308476,26.674998756940266,0.2091220128582945,0.0015996800639872,46
Central Cascades (Stevens/Snoqualmie),Spring,mean_swe_in,Average base (snow water equivalent),in,45,29.187993667499185,15,23.178485884734005,16,33.90358960393665,14,30.23749950739046,-6.009507782765176,4.71559593643747,-10.725103719202648,-20.58897179170201,16.155944084941623,0.2072379358044582,0.0015996800639872,45
Snowy Range & Sierra Madre,Holidays,new_snow_in_total,Total new snow in the window,in,46,26.169530324986034,15,18.6615621883646,16,32.18726265812428,15,27.25858397292668,-7.507968136621436,6.017732333138241,-13.525700469759675,-28.689732079192147,22.995186609798097,0.2038319889292664,0.0027994401119776,46
Jemez & N New Mexico,Early season,storm_days_per_window,Storm days (>= 2 in of new snow),days,46,3.3921076959943943,15,4.340823852483011,16,2.747453942938405,15,3.131022209432169,0.9487161564886164,-0.6446537530559895,1.593369909544606,27.96833831687944,-19.00451904334393,0.2025062393093739,0.0025994801039792,46
Jemez & N New Mexico,Spring,days_with_base_per_window,Days with a skiable base,days,46,15.011027226767068,15,23.77653200414123,16,10.17473926781564,15,11.404229605607776,8.765504777374163,-4.836287958951427,13.60179273632559,58.39377042594303,-32.21823454112155,0.201277778198763,0.0017996400719856,46
Bitterroot & Lolo (Montana Snowbowl),Midwinter,big_storm_days_per_window,Powder days (>= 6 in of new snow),days,59,1.5171594876709855,20,0.8356983822801434,22,2.047044459897944,17,1.6331449417194428,-0.6814611053908421,0.5298849722269579,-1.2113460776178,-44.91690629288839,34.92612190959517,0.2006587646175954,0.0007998400319936,59
Bighorn Mtns,Holidays,storm_days_per_window,Storm days (>= 2 in of new snow),days,48,1.811624172895948,16,1.0986225078002378,16,2.132483248871706,16,2.2037667620159,-0.7130016650957103,0.3208590759757579,-1.0338607410714682,-39.35704081249649,17.711127990904032,0.190012211678279,0.0021995600879824,48
Park Range (Steamboat),Holidays,new_snow_in_total,Total new snow in the window,in,47,25.00066350515555,16,17.409441112220094,16,30.547316780974565,15,27.181537230079748,-7.591222392935457,5.546653275819015,-13.137875668754472,-30.36408370269861,22.186024281616376,0.1841540083236744,0.001999600079984,47
Whitefish & Flathead Range,Spring,days_with_base_per_window,Days with a skiable base,days,52,37.97191936146928,18,33.042303830975044,18,41.92598741733119,16,39.06941027043061,-4.929615530494232,3.95406805586191,-8.883683586356142,-12.982265878022464,10.413137187566472,0.1824673955318216,0.002999400119976,50
White Mtns AZ (Sunrise Park),Spring,days_with_base_per_window,Days with a skiable base,days,46,8.08761462162347,15,14.082151338083094,16,4.251187805357256,15,6.185266509181145,5.994536716459624,-3.836426816266213,9.830963532725836,74.11995992529512,-47.43582620775403,0.1810754445791643,0.0017996400719856,46
Bitterroot & Lolo (Montana Snowbowl),Midwinter,storm_days_per_window,Storm days (>= 2 in of new snow),days,59,9.16858900468503,20,7.0506631139400895,22,10.597880406493944,17,9.81059529733812,-2.1179258907449405,1.4292914018089142,-3.5472172925538548,-23.09980183060565,15.589000674788288,0.176061472150328,0.0015996800639872,59
Beartooth & Absaroka (Red Lodge),Spring,mean_swe_in,Average base (snow water equivalent),in,53,17.81626003882088,18,15.737769523160502,19,19.68468818916349,16,17.935803440406936,-2.078490515660377,1.8684281503426163,-3.946918666002993,-11.666256055599964,10.487207451347198,0.1647570144621482,0.002999400119976,53
Whitefish & Flathead Range,Spring,mean_swe_in,Average base (snow water equivalent),in,52,22.11663033417434,18,18.92750848879692,18,24.49917955766316,16,23.02402453379901,-3.189121845377421,2.3825492234888195,-5.571671068866241,-14.419564812500532,10.772659250027498,0.1635488374375605,0.0031993601279744,52
Bridger/Gallatin/Madison (Big Sky),Spring,mean_swe_in,Average base (snow water equivalent),in,60,16.58805622927553,20,14.907404133643832,22,18.067732044884583,18,16.64695478312191,-1.6806520956316984,1.4796758156090526,-3.160327911240751,-10.131700015976492,8.920127802542881,0.1615518469584671,0.0017996400719856,60
Bitterroot & Lolo (Montana Snowbowl),Midwinter,mean_swe_in,Average base (snow water equivalent),in,59,13.112757761205811,20,11.36408380280048,22,14.464982765545466,17,13.42008300077254,-1.748673958405332,1.3522250043396529,-3.100898962744985,-13.335668897802693,10.312285401475348,0.1562776610465339,0.0023995200959808,59
Bitterroot & Lolo (Montana Snowbowl),Midwinter,days_with_base_per_window,Days with a skiable base,days,59,26.326043767350395,20,22.79606365142721,22,29.444390652785128,17,26.44345381669745,-3.529980115923184,3.1183468854347325,-6.6483270013579165,-13.408699564273578,11.845102564564264,0.1500423476777188,0.0025994801039792,59
Bridger/Gallatin/Madison (Big Sky),Midwinter,mean_swe_in,Average base (snow water equivalent),in,60,11.225065620990588,20,10.09694580081594,22,12.240572004489248,18,11.23735761913072,-1.1281198201746463,1.0155063834986588,-2.143626203673305,-10.05000646112118,9.046774582766696,0.1350055185028427,0.0037992401519696,60
Bridger/Gallatin/Madison (Big Sky),Midwinter,days_with_base_per_window,Days with a skiable base,days,60,29.91927209937896,20,25.117276181151816,22,34.71317131082549,18,29.39561297230781,-4.801995918227146,4.793899211446526,-9.595895129673671,-16.049842062590894,16.02278021846004,0.1335715341486509,0.0033993201359728,60
