stationTriplet,region,state,states,climate,km,elevation,elev_gap_ft,weight,base_ft,summit_ft
1070:AK:SNTL,Chugach (Alyeska),AK,AK,maritime,35.2,1910.0,0.0,0.704,250,2750
953:AK:SNTL,Chugach (Alyeska),AK,AK,maritime,69.8,240.0,10.0,0.2513,250,2750
1332:AK:SNTL,Chugach (Alyeska),AK,AK,maritime,49.6,170.0,80.0,0.4969,250,2750
1071:AK:SNTL,Chugach (Alyeska),AK,AK,maritime,58.1,50.0,200.0,0.3785,250,2750
956:AK:SNTL,Chugach (Alyeska),AK,AK,maritime,40.4,1070.0,0.0,0.6303,250,2750
946:AK:SNTL,Chugach (Alyeska),AK,AK,maritime,23.3,2400.0,0.0,0.8572,250,2750
1035:AK:SNTL,Chugach (Alyeska),AK,AK,maritime,45.5,2010.0,0.0,0.5558,250,2750
1103:AK:SNTL,Chugach (Alyeska),AK,AK,maritime,1.5,1500.0,0.0,0.9994,250,2750
1002:AK:SNTL,Chugach (Alyeska),AK,AK,maritime,67.9,220.0,30.0,0.2706,250,2750
955:AK:SNTL,Chugach (Alyeska),AK,AK,maritime,45.8,1340.0,0.0,0.5522,250,2750
954:AK:SNTL,Chugach (Alyeska),AK,AK,maritime,21.6,1860.0,0.0,0.8756,250,2750
990:WA:SNTL,North Cascades (Mt Baker),WA,WA,maritime,30.2,3630.0,0.0,0.7723,3500,5089
1080:WA:SNTL,North Cascades (Mt Baker),WA,WA,maritime,35.2,5850.0,761.0,0.5754,3500,5089
1345:WA:SNTL,North Cascades (Mt Baker),WA,WA,maritime,58.5,3360.0,140.0,0.3766,3500,5089
998:WA:SNTL,North Cascades (Mt Baker),WA,WA,maritime,16.7,5280.0,191.0,0.9126,3500,5089
910:WA:SNTL,North Cascades (Mt Baker),WA,WA,maritime,25.6,3050.0,450.0,0.7738,3500,5089
991:WA:SNTL,North Cascades (Mt Baker),WA,WA,maritime,45.0,1680.0,1820.0,0.1781,3500,5089
999:WA:SNTL,North Cascades (Mt Baker),WA,WA,maritime,10.7,3520.0,0.0,0.9678,3500,5089
1011:WA:SNTL,North Cascades (Mt Baker),WA,WA,maritime,19.6,4940.0,0.0,0.8972,3500,5089
817:WA:SNTL,North Cascades (Mt Baker),WA,WA,maritime,61.8,4310.0,0.0,0.339,3500,5089
909:WA:SNTL,North Cascades (Mt Baker),WA,WA,maritime,9.0,4040.0,0.0,0.9771,3500,5089
908:WA:SNTL,Central Cascades (Stevens/Snoqualmie),WA,WA,maritime,39.6,3500.0,0.0,0.6792,3000,5845
352:WA:SNTL,Central Cascades (Stevens/Snoqualmie),WA,WA,maritime,50.6,4240.0,0.0,0.5319,3000,5845
418:WA:SNTL,Central Cascades (Stevens/Snoqualmie),WA,WA,maritime,64.8,5810.0,0.0,0.3541,3000,5845
420:WA:SNTL,Central Cascades (Stevens/Snoqualmie),WA,WA,maritime,46.3,3210.0,0.0,0.5886,3000,5845
1319:WA:SNTL,Central Cascades (Stevens/Snoqualmie),WA,WA,maritime,73.9,4480.0,0.0,0.2593,3000,5845
478:WA:SNTL,Central Cascades (Stevens/Snoqualmie),WA,WA,maritime,13.9,3440.0,0.0,0.9533,3000,5845
507:WA:SNTL,Central Cascades (Stevens/Snoqualmie),WA,WA,maritime,66.9,5390.0,0.0,0.3308,3000,5845
928:WA:SNTL,Central Cascades (Stevens/Snoqualmie),WA,WA,maritime,62.9,2250.0,750.0,0.31,3000,5845
1338:WA:SNTL,Central Cascades (Stevens/Snoqualmie),WA,WA,maritime,28.0,4550.0,0.0,0.8235,3000,5845
606:WA:SNTL,Central Cascades (Stevens/Snoqualmie),WA,WA,maritime,72.8,5990.0,145.0,0.2686,3000,5845
1069:WA:SNTL,Central Cascades (Stevens/Snoqualmie),WA,WA,maritime,58.0,3900.0,0.0,0.4357,3000,5845
897:WA:SNTL,Central Cascades (Stevens/Snoqualmie),WA,WA,maritime,37.2,3230.0,0.0,0.7101,3000,5845
898:WA:SNTL,Central Cascades (Stevens/Snoqualmie),WA,WA,maritime,34.4,2930.0,70.0,0.7449,3000,5845
672:WA:SNTL,Central Cascades (Stevens/Snoqualmie),WA,WA,maritime,27.3,4010.0,0.0,0.8325,3000,5845
699:WA:SNTL,Central Cascades (Stevens/Snoqualmie),WA,WA,maritime,68.6,3590.0,0.0,0.3134,3000,5845
911:WA:SNTL,Central Cascades (Stevens/Snoqualmie),WA,WA,maritime,40.9,3810.0,0.0,0.6617,3000,5845
734:WA:SNTL,Central Cascades (Stevens/Snoqualmie),WA,WA,maritime,26.5,4340.0,0.0,0.8406,3000,5845
1068:WA:SNTL,Central Cascades (Stevens/Snoqualmie),WA,WA,maritime,48.8,4640.0,0.0,0.5551,3000,5845
912:WA:SNTL,Central Cascades (Stevens/Snoqualmie),WA,WA,maritime,28.7,3320.0,0.0,0.8155,3000,5845
788:WA:SNTL,Central Cascades (Stevens/Snoqualmie),WA,WA,maritime,35.1,3850.0,0.0,0.7379,3000,5845
791:WA:SNTL,Central Cascades (Stevens/Snoqualmie),WA,WA,maritime,21.7,3940.0,0.0,0.8899,3000,5845
899:WA:SNTL,Central Cascades (Stevens/Snoqualmie),WA,WA,maritime,32.3,3000.0,0.0,0.7724,3000,5845
1171:WA:SNTL,Central Cascades (Stevens/Snoqualmie),WA,WA,maritime,62.4,2890.0,110.0,0.381,3000,5845
841:WA:SNTL,Central Cascades (Stevens/Snoqualmie),WA,WA,maritime,74.4,4330.0,0.0,0.255,3000,5845
375:WA:SNTL,S Washington Cascades (Crystal/White Pass),WA,WA,maritime,8.2,4600.0,0.0,0.981,4400,7012
942:WA:SNTL,S Washington Cascades (Crystal/White Pass),WA,WA,maritime,48.1,4160.0,240.0,0.5094,4400,7012
1085:WA:SNTL,S Washington Cascades (Crystal/White Pass),WA,WA,maritime,12.1,5260.0,0.0,0.9597,4400,7012
418:WA:SNTL,S Washington Cascades (Crystal/White Pass),WA,WA,maritime,26.0,5810.0,0.0,0.8262,4400,7012
420:WA:SNTL,S Washington Cascades (Crystal/White Pass),WA,WA,maritime,57.4,3210.0,1190.0,0.2401,4400,7012
502:WA:SNTL,S Washington Cascades (Crystal/White Pass),WA,WA,maritime,33.2,5920.0,0.0,0.731,4400,7012
928:WA:SNTL,S Washington Cascades (Crystal/White Pass),WA,WA,maritime,33.2,2250.0,2150.0,0.147,4400,7012
599:WA:SNTL,S Washington Cascades (Crystal/White Pass),WA,WA,maritime,54.7,5100.0,0.0,0.4276,4400,7012
1069:WA:SNTL,S Washington Cascades (Crystal/White Pass),WA,WA,maritime,53.2,3900.0,500.0,0.4116,4400,7012
897:WA:SNTL,S Washington Cascades (Crystal/White Pass),WA,WA,maritime,55.3,3230.0,1170.0,0.2611,4400,7012
642:WA:SNTL,S Washington Cascades (Crystal/White Pass),WA,WA,maritime,13.8,5400.0,0.0,0.9473,4400,7012
898:WA:SNTL,S Washington Cascades (Crystal/White Pass),WA,WA,maritime,64.3,2930.0,1470.0,0.146,4400,7012
941:WA:SNTL,S Washington Cascades (Crystal/White Pass),WA,WA,maritime,42.5,3170.0,1230.0,0.3541,4400,7012
672:WA:SNTL,S Washington Cascades (Crystal/White Pass),WA,WA,maritime,65.4,4010.0,390.0,0.2827,4400,7012
679:WA:SNTL,S Washington Cascades (Crystal/White Pass),WA,WA,maritime,24.0,5150.0,0.0,0.8497,4400,7012
692:WA:SNTL,S Washington Cascades (Crystal/White Pass),WA,WA,maritime,18.7,5800.0,0.0,0.906,4400,7012
1263:WA:SNTL,S Washington Cascades (Crystal/White Pass),WA,WA,maritime,64.6,4450.0,0.0,0.3067,4400,7012
702:WA:SNTL,S Washington Cascades (Crystal/White Pass),WA,WA,maritime,48.9,4480.0,0.0,0.507,4400,7012
911:WA:SNTL,S Washington Cascades (Crystal/White Pass),WA,WA,maritime,58.8,3810.0,590.0,0.3324,4400,7012
1068:WA:SNTL,S Washington Cascades (Crystal/White Pass),WA,WA,maritime,41.5,4640.0,0.0,0.6131,4400,7012
1257:WA:SNTL,S Washington Cascades (Crystal/White Pass),WA,WA,maritime,34.2,3770.0,630.0,0.6251,4400,7012
788:WA:SNTL,S Washington Cascades (Crystal/White Pass),WA,WA,maritime,54.7,3850.0,550.0,0.3856,4400,7012
899:WA:SNTL,S Washington Cascades (Crystal/White Pass),WA,WA,maritime,60.7,3000.0,1400.0,0.178,4400,7012
863:WA:SNTL,S Washington Cascades (Crystal/White Pass),WA,WA,maritime,16.6,4440.0,0.0,0.925,4400,7012
351:OR:SNTL,Mt Hood,OR,OR,maritime,17.0,3660.0,840.0,0.7,4500,8540
398:OR:SNTL,Mt Hood,OR,OR,maritime,26.6,3400.0,1100.0,0.4998,4500,8540
401:OR:SNTL,Mt Hood,OR,OR,maritime,15.9,3810.0,690.0,0.7687,4500,8540
1314:OR:SNTL,Mt Hood,OR,OR,maritime,12.6,5970.0,0.0,0.9408,4500,8540
504:OR:SNTL,Mt Hood,OR,OR,maritime,32.4,3320.0,1180.0,0.4115,4500,8540
651:OR:SNTL,Mt Hood,OR,OR,maritime,2.5,5380.0,0.0,0.9977,4500,8540
655:OR:SNTL,Mt Hood,OR,OR,maritime,9.5,4070.0,430.0,0.906,4500,8540
666:OR:SNTL,Mt Hood,OR,OR,maritime,34.6,3070.0,1430.0,0.3098,4500,8540
687:OR:SNTL,Mt Hood,OR,OR,maritime,37.5,3420.0,1080.0,0.3877,4500,8540
712:OR:SNTL,Mt Hood,OR,OR,maritime,14.8,4410.0,90.0,0.916,4500,8540
925:OR:SNTL,Mt Hood,OR,OR,maritime,29.7,2690.0,1810.0,0.2283,4500,8540
352:WA:SNTL,E Cascades rain shadow (Mission Ridge),WA,WA,transitional,22.1,4240.0,330.0,0.8203,4570,6820
478:WA:SNTL,E Cascades rain shadow (Mission Ridge),WA,WA,transitional,58.3,3440.0,1130.0,0.21,4570,6820
507:WA:SNTL,E Cascades rain shadow (Mission Ridge),WA,WA,transitional,6.7,5390.0,0.0,0.9852,4570,6820
1338:WA:SNTL,E Cascades rain shadow (Mission Ridge),WA,WA,transitional,49.5,4550.0,20.0,0.447,4570,6820
734:WA:SNTL,E Cascades rain shadow (Mission Ridge),WA,WA,transitional,51.1,4340.0,230.0,0.4167,4570,6820
832:WA:SNTL,E Cascades rain shadow (Mission Ridge),WA,WA,transitional,10.3,5480.0,0.0,0.9659,4570,6820
841:WA:SNTL,E Cascades rain shadow (Mission Ridge),WA,WA,transitional,2.3,4330.0,240.0,0.9785,4570,6820
1166:OR:SNTL,Central Oregon (Mt Bachelor),OR,OR,transitional,50.3,4720.0,1580.0,0.2054,6300,9065
388:OR:SNTL,Central Oregon (Mt Bachelor),OR,OR,transitional,52.5,5100.0,1200.0,0.2774,6300,9065
526:OR:SNTL,Central Oregon (Mt Bachelor),OR,OR,transitional,50.8,4800.0,1500.0,0.22,6300,9065
545:OR:SNTL,Central Oregon (Mt Bachelor),OR,OR,transitional,28.5,5540.0,760.0,0.6497,6300,9065
619:OR:SNTL,Central Oregon (Mt Bachelor),OR,OR,transitional,29.6,4770.0,1530.0,0.346,6300,9065
660:OR:SNTL,Central Oregon (Mt Bachelor),OR,OR,transitional,57.0,4910.0,1390.0,0.2035,6300,9065
719:OR:SNTL,Central Oregon (Mt Bachelor),OR,OR,transitional,28.8,4960.0,1340.0,0.4241,6300,9065
729:OR:SNTL,Central Oregon (Mt Bachelor),OR,OR,transitional,53.4,4220.0,2080.0,0.0991,6300,9065
801:OR:SNTL,Central Oregon (Mt Bachelor),OR,OR,transitional,69.2,5610.0,690.0,0.2185,6300,9065
815:OR:SNTL,Central Oregon (Mt Bachelor),OR,OR,transitional,18.7,5680.0,620.0,0.7922,6300,9065
302:OR:SNTL,Blue Mtns (Anthony Lakes),OR,OR,transitional,86.3,7430.0,0.0,0.3178,7100,8000
304:OR:SNTL,Blue Mtns (Anthony Lakes),OR,OR,transitional,84.0,5770.0,1330.0,0.1825,7100,8000
331:OR:SNTL,Blue Mtns (Anthony Lakes),OR,OR,transitional,20.3,5140.0,1960.0,0.2473,7100,8000
357:OR:SNTL,Blue Mtns (Anthony Lakes),OR,OR,transitional,82.7,5880.0,1220.0,0.2082,7100,8000
361:OR:SNTL,Blue Mtns (Anthony Lakes),OR,OR,transitional,15.2,5850.0,1250.0,0.561,7100,8000
362:OR:SNTL,Blue Mtns (Anthony Lakes),OR,OR,transitional,48.2,4550.0,2550.0,0.0731,7100,8000
422:OR:SNTL,Blue Mtns (Anthony Lakes),OR,OR,transitional,35.5,4840.0,2260.0,0.1398,7100,8000
464:OR:SNTL,Blue Mtns (Anthony Lakes),OR,OR,transitional,14.1,5510.0,1590.0,0.4032,7100,8000
494:OR:SNTL,Blue Mtns (Anthony Lakes),OR,OR,transitional,23.0,5400.0,1700.0,0.3379,7100,8000
523:OR:SNTL,Blue Mtns (Anthony Lakes),OR,OR,transitional,82.2,4900.0,2200.0,0.0659,7100,8000
563:OR:SNTL,Blue Mtns (Anthony Lakes),OR,OR,transitional,89.7,5250.0,1850.0,0.0884,7100,8000
605:OR:SNTL,Blue Mtns (Anthony Lakes),OR,OR,transitional,59.4,4970.0,2130.0,0.1203,7100,8000
647:OR:SNTL,Blue Mtns (Anthony Lakes),OR,OR,transitional,54.9,5760.0,1340.0,0.3373,7100,8000
653:OR:SNTL,Blue Mtns (Anthony Lakes),OR,OR,transitional,89.7,7840.0,0.0,0.2902,7100,8000
736:OR:SNTL,Blue Mtns (Anthony Lakes),OR,OR,transitional,84.1,5400.0,1700.0,0.1234,7100,8000
812:OR:SNTL,Blue Mtns (Anthony Lakes),OR,OR,transitional,55.1,5730.0,1370.0,0.3265,7100,8000
821:OR:SNTL,Blue Mtns (Anthony Lakes),OR,OR,transitional,37.4,5150.0,1950.0,0.2152,7100,8000
873:OR:SNTL,Blue Mtns (Anthony Lakes),OR,OR,transitional,13.2,5730.0,1370.0,0.5074,7100,8000
340:NV:SNTL,N Sierra / Tahoe (Palisades/Heavenly/Rose),CA,CA+NV,maritime,34.1,8240.0,0.0,0.7765,6200,10067
356:CA:SNTL,N Sierra / Tahoe (Palisades/Heavenly/Rose),CA,CA+NV,maritime,61.3,8060.0,0.0,0.4428,6200,10067
1051:CA:SNTL,N Sierra / Tahoe (Palisades/Heavenly/Rose),CA,CA+NV,maritime,49.5,8180.0,0.0,0.5872,6200,10067
1067:CA:SNTL,N Sierra / Tahoe (Palisades/Heavenly/Rose),CA,CA+NV,maritime,51.3,8360.0,0.0,0.5647,6200,10067
428:CA:SNTL,N Sierra / Tahoe (Palisades/Heavenly/Rose),CA,CA+NV,maritime,35.5,6890.0,0.0,0.7605,6200,10067
462:CA:SNTL,N Sierra / Tahoe (Palisades/Heavenly/Rose),CA,CA+NV,maritime,69.7,8660.0,0.0,0.3481,6200,10067
463:CA:SNTL,N Sierra / Tahoe (Palisades/Heavenly/Rose),CA,CA+NV,maritime,34.3,7650.0,0.0,0.7747,6200,10067
473:CA:SNTL,N Sierra / Tahoe (Palisades/Heavenly/Rose),CA,CA+NV,maritime,24.6,6250.0,0.0,0.8766,6200,10067
1049:CA:SNTL,N Sierra / Tahoe (Palisades/Heavenly/Rose),CA,CA+NV,maritime,52.7,8050.0,0.0,0.5474,6200,10067
508:CA:SNTL,N Sierra / Tahoe (Palisades/Heavenly/Rose),CA,CA+NV,maritime,34.3,7740.0,0.0,0.7742,6200,10067
518:CA:SNTL,N Sierra / Tahoe (Palisades/Heavenly/Rose),CA,CA+NV,maritime,27.1,8540.0,0.0,0.853,6200,10067
1050:CA:SNTL,N Sierra / Tahoe (Palisades/Heavenly/Rose),CA,CA+NV,maritime,37.1,8580.0,0.0,0.7415,6200,10067
539:CA:SNTL,N Sierra / Tahoe (Palisades/Heavenly/Rose),CA,CA+NV,maritime,40.7,6970.0,0.0,0.698,6200,10067
540:CA:SNTL,N Sierra / Tahoe (Palisades/Heavenly/Rose),CA,CA+NV,maritime,43.6,6440.0,0.0,0.6615,6200,10067
541:CA:SNTL,N Sierra / Tahoe (Palisades/Heavenly/Rose),CA,CA+NV,maritime,39.5,8340.0,0.0,0.7125,6200,10067
1242:NV:SNTL,N Sierra / Tahoe (Palisades/Heavenly/Rose),CA,CA+NV,maritime,16.5,6500.0,0.0,0.9426,6200,10067
1331:CA:SNTL,N Sierra / Tahoe (Palisades/Heavenly/Rose),CA,CA+NV,maritime,56.6,8640.0,0.0,0.4985,6200,10067
615:NV:SNTL,N Sierra / Tahoe (Palisades/Heavenly/Rose),CA,CA+NV,maritime,10.7,7860.0,0.0,0.9754,6200,10067
633:CA:SNTL,N Sierra / Tahoe (Palisades/Heavenly/Rose),CA,CA+NV,maritime,64.7,8320.0,0.0,0.4033,6200,10067
652:NV:SNTL,N Sierra / Tahoe (Palisades/Heavenly/Rose),CA,CA+NV,maritime,21.0,8810.0,0.0,0.9089,6200,10067
784:CA:SNTL,N Sierra / Tahoe (Palisades/Heavenly/Rose),CA,CA+NV,maritime,21.5,8010.0,0.0,0.9042,6200,10067
697:CA:SNTL,N Sierra / Tahoe (Palisades/Heavenly/Rose),CA,CA+NV,maritime,79.7,7730.0,0.0,0.2515,6200,10067
724:CA:SNTL,N Sierra / Tahoe (Palisades/Heavenly/Rose),CA,CA+NV,maritime,19.7,7560.0,0.0,0.9193,6200,10067
778:CA:SNTL,N Sierra / Tahoe (Palisades/Heavenly/Rose),CA,CA+NV,maritime,57.0,6060.0,140.0,0.4907,6200,10067
809:CA:SNTL,N Sierra / Tahoe (Palisades/Heavenly/Rose),CA,CA+NV,maritime,11.7,6760.0,0.0,0.9709,6200,10067
834:CA:SNTL,N Sierra / Tahoe (Palisades/Heavenly/Rose),CA,CA+NV,maritime,21.6,6500.0,0.0,0.9038,6200,10067
848:CA:SNTL,N Sierra / Tahoe (Palisades/Heavenly/Rose),CA,CA+NV,maritime,17.2,6750.0,0.0,0.9376,6200,10067
574:CA:SNTL,S Sierra (Mammoth/June),CA,CA,maritime,80.3,9600.0,0.0,0.3307,7953,11053
575:CA:SNTL,S Sierra (Mammoth/June),CA,CA,maritime,79.8,7200.0,753.0,0.2758,7953,11053
587:CA:SNTL,S Sierra (Mammoth/June),CA,CA,maritime,86.3,9260.0,0.0,0.2785,7953,11053
771:CA:SNTL,S Sierra (Mammoth/June),CA,CA,maritime,82.8,8770.0,0.0,0.3089,7953,11053
1052:CA:SNTL,S Sierra (Mammoth/June),CA,CA,maritime,88.1,9360.0,0.0,0.2645,7953,11053
846:CA:SNTL,S Sierra (Mammoth/June),CA,CA,maritime,44.3,9400.0,0.0,0.7145,7953,11053
1317:CA:SNTL,S Sierra (Mammoth/June),CA,CA,maritime,72.3,8220.0,0.0,0.4079,7953,11053
301:CA:SNTL,Klamath & Siskiyou (Mt Shasta),CA,CA+OR,maritime,113.3,6170.0,0.0,0.348,5500,7800
341:OR:SNTL,Klamath & Siskiyou (Mt Shasta),CA,CA+OR,maritime,100.7,6060.0,0.0,0.4343,5500,7800
344:OR:SNTL,Klamath & Siskiyou (Mt Shasta),CA,CA+OR,maritime,121.5,5280.0,220.0,0.2925,5500,7800
479:OR:SNTL,Klamath & Siskiyou (Mt Shasta),CA,CA+OR,maritime,119.3,4660.0,840.0,0.2432,5500,7800
483:OR:SNTL,Klamath & Siskiyou (Mt Shasta),CA,CA+OR,maritime,124.8,5970.0,0.0,0.2779,5500,7800
945:OR:SNTL,Klamath & Siskiyou (Mt Shasta),CA,CA+OR,maritime,129.5,4880.0,620.0,0.2207,5500,7800
1158:OR:SNTL,Klamath & Siskiyou (Mt Shasta),CA,CA+OR,maritime,101.4,4580.0,920.0,0.3199,5500,7800
1077:OR:SNTL,Klamath & Siskiyou (Mt Shasta),CA,CA+OR,maritime,127.6,6830.0,0.0,0.2622,5500,7800
417:NV:SNTL,Ruby Mtns & NE Nevada,NV,NV,continental,38.0,8440.0,0.0,0.8009,6500,10000
453:NV:SNTL,Ruby Mtns & NE Nevada,NV,NV,continental,36.3,7900.0,0.0,0.8164,6500,10000
1243:NV:SNTL,Ruby Mtns & NE Nevada,NV,NV,continental,33.0,6550.0,0.0,0.8456,6500,10000
503:NV:SNTL,Ruby Mtns & NE Nevada,NV,NV,continental,26.2,8180.0,0.0,0.8994,6500,10000
527:NV:SNTL,Ruby Mtns & NE Nevada,NV,NV,continental,45.8,8170.0,0.0,0.7237,6500,10000
570:NV:SNTL,Ruby Mtns & NE Nevada,NV,NV,continental,5.2,8040.0,0.0,0.9958,6500,10000
1310:NV:SNTL,Ruby Mtns & NE Nevada,NV,NV,continental,1.8,8990.0,0.0,0.9995,6500,10000
1244:NV:SNTL,Ruby Mtns & NE Nevada,NV,NV,continental,37.5,7760.0,0.0,0.8051,6500,10000
1203:NV:SNTL,Ruby Mtns & NE Nevada,NV,NV,continental,89.9,7640.0,0.0,0.2881,6500,10000
811:NV:SNTL,Ruby Mtns & NE Nevada,NV,NV,continental,87.7,6320.0,180.0,0.3031,6500,10000
1202:NV:SNTL,Ruby Mtns & NE Nevada,NV,NV,continental,46.3,7100.0,0.0,0.7195,6500,10000
1111:NV:SNTL,Spring Mtns (Lee Canyon),NV,NV,continental,1.6,8900.0,0.0,0.9992,8510,11290
1112:NV:SNTL,Spring Mtns (Lee Canyon),NV,NV,continental,0.6,8620.0,0.0,0.9999,8510,11290
1350:NV:SNTL,Spring Mtns (Lee Canyon),NV,NV,continental,1.2,9390.0,0.0,0.9996,8510,11290
1110:NV:SNTL,Spring Mtns (Lee Canyon),NV,NV,continental,7.9,7840.0,670.0,0.8408,8510,11290
323:ID:SNTL,Selkirks (Schweitzer),ID,ID,transitional,41.1,5460.0,0.0,0.5735,4000,6400
376:WA:SNTL,Selkirks (Schweitzer),ID,ID,transitional,54.0,5020.0,0.0,0.3834,4000,6400
988:ID:SNTL,Selkirks (Schweitzer),ID,ID,transitional,59.3,5000.0,0.0,0.3153,4000,6400
645:ID:SNTL,Selkirks (Schweitzer),ID,ID,transitional,45.2,5270.0,0.0,0.5112,4000,6400
1053:ID:SNTL,Selkirks (Schweitzer),ID,ID,transitional,41.1,3540.0,460.0,0.533,4000,6400
707:WA:SNTL,Selkirks (Schweitzer),ID,ID,transitional,64.5,4710.0,0.0,0.2551,4000,6400
1081:ID:SNTL,Selkirks (Schweitzer),ID,ID,transitional,64.7,4210.0,0.0,0.2521,4000,6400
738:ID:SNTL,Selkirks (Schweitzer),ID,ID,transitional,1.4,6090.0,0.0,0.9994,4000,6400
1038:ID:SNTL,Selkirks (Schweitzer),ID,ID,transitional,1.4,6090.0,0.0,0.9994,4000,6400
1312:MT:SNTL,Coeur d'Alenes (Silver/Lookout),ID,ID+MT,transitional,64.6,5700.0,0.0,0.3059,4100,6300
535:ID:SNTL,Coeur d'Alenes (Silver/Lookout),ID,ID+MT,transitional,10.8,4260.0,0.0,0.9673,4100,6300
594:ID:SNTL,Coeur d'Alenes (Silver/Lookout),ID,ID+MT,transitional,16.3,5180.0,0.0,0.9277,4100,6300
600:ID:SNTL,Coeur d'Alenes (Silver/Lookout),ID,ID+MT,transitional,46.6,6090.0,0.0,0.5398,4100,6300
623:ID:SNTL,Coeur d'Alenes (Silver/Lookout),ID,ID+MT,transitional,47.1,4480.0,0.0,0.5337,4100,6300
645:ID:SNTL,Coeur d'Alenes (Silver/Lookout),ID,ID+MT,transitional,66.5,5270.0,0.0,0.2858,4100,6300
752:ID:SNTL,Coeur d'Alenes (Silver/Lookout),ID,ID+MT,transitional,69.0,3190.0,910.0,0.1943,4100,6300
803:ID:SNTL,Coeur d'Alenes (Silver/Lookout),ID,ID+MT,transitional,9.1,5570.0,0.0,0.9768,4100,6300
562:MT:SNTL,Missoula ranges (Montana Snowbowl),MT,MT,transitional,47.6,4770.0,230.0,0.5165,5000,7600
588:ID:SNTL,Missoula ranges (Montana Snowbowl),MT,MT,transitional,62.8,5280.0,0.0,0.3273,5000,7600
604:MT:SNTL,Missoula ranges (Montana Snowbowl),MT,MT,transitional,52.5,4690.0,310.0,0.4434,5000,7600
657:MT:SNTL,Missoula ranges (Montana Snowbowl),MT,MT,transitional,56.1,6180.0,0.0,0.4098,5000,7600
667:MT:SNTL,Missoula ranges (Montana Snowbowl),MT,MT,transitional,32.6,6110.0,0.0,0.7402,5000,7600
783:MT:SNTL,Missoula ranges (Montana Snowbowl),MT,MT,transitional,31.8,6120.0,0.0,0.7514,5000,7600
901:MT:SNTL,Missoula ranges (Montana Snowbowl),MT,MT,transitional,5.2,7270.0,0.0,0.9923,5000,7600
313:MT:SNTL,Bitterroots (Lost Trail),MT,MT+ID,transitional,77.7,8250.0,250.0,0.2639,6400,8000
355:MT:SNTL,Bitterroots (Lost Trail),MT,MT+ID,transitional,68.5,7570.0,0.0,0.3615,6400,8000
381:MT:SNTL,Bitterroots (Lost Trail),MT,MT+ID,transitional,52.9,6410.0,0.0,0.5452,6400,8000
433:MT:SNTL,Bitterroots (Lost Trail),MT,MT+ID,transitional,55.0,5780.0,620.0,0.4541,6400,8000
436:MT:SNTL,Bitterroots (Lost Trail),MT,MT+ID,transitional,64.5,8930.0,930.0,0.3002,6400,8000
638:ID:SNTL,Bitterroots (Lost Trail),MT,MT+ID,transitional,2.7,6170.0,230.0,0.9803,6400,8000
662:MT:SNTL,Bitterroots (Lost Trail),MT,MT+ID,transitional,41.4,5670.0,730.0,0.5732,6400,8000
930:MT:SNTL,Bitterroots (Lost Trail),MT,MT+ID,transitional,69.1,7190.0,0.0,0.3544,6400,8000
727:MT:SNTL,Bitterroots (Lost Trail),MT,MT+ID,transitional,1.4,7890.0,0.0,0.9996,6400,8000
760:MT:SNTL,Bitterroots (Lost Trail),MT,MT+ID,transitional,62.5,7260.0,0.0,0.4285,6400,8000
1286:MT:SNTL,Bitterroots (Lost Trail),MT,MT+ID,transitional,40.8,8600.0,600.0,0.6152,6400,8000
835:MT:SNTL,Bitterroots (Lost Trail),MT,MT+ID,transitional,63.0,5530.0,870.0,0.3249,6400,8000
836:MT:SNTL,Bitterroots (Lost Trail),MT,MT+ID,transitional,65.9,6380.0,20.0,0.3894,6400,8000
311:MT:SNTL,Whitefish & Flathead Range,MT,MT,transitional,81.1,5580.0,0.0,0.2828,4464,6817
1190:MT:SNTL,Whitefish & Flathead Range,MT,MT,transitional,75.8,5130.0,0.0,0.3312,4464,6817
1144:MT:SNTL,Whitefish & Flathead Range,MT,MT,transitional,55.4,5660.0,0.0,0.5539,4464,6817
469:MT:SNTL,Whitefish & Flathead Range,MT,MT,transitional,31.1,4340.0,124.0,0.8256,4464,6817
482:MT:SNTL,Whitefish & Flathead Range,MT,MT,transitional,51.0,6280.0,0.0,0.6067,4464,6817
500:MT:SNTL,Whitefish & Flathead Range,MT,MT,transitional,56.9,4350.0,114.0,0.5344,4464,6817
510:MT:SNTL,Whitefish & Flathead Range,MT,MT,transitional,40.9,5030.0,0.0,0.7254,4464,6817
613:MT:SNTL,Whitefish & Flathead Range,MT,MT,transitional,61.2,4930.0,0.0,0.4867,4464,6817
664:MT:SNTL,Whitefish & Flathead Range,MT,MT,transitional,47.0,6070.0,0.0,0.6536,4464,6817
693:MT:SNTL,Whitefish & Flathead Range,MT,MT,transitional,78.2,5930.0,0.0,0.3085,4464,6817
787:MT:SNTL,Whitefish & Flathead Range,MT,MT,transitional,60.5,6040.0,0.0,0.4951,4464,6817
1311:MT:SNTL,Whitefish & Flathead Range,MT,MT,transitional,31.7,6200.0,0.0,0.8239,4464,6817
365:MT:SNTL,Bridger Range (Bridger Bowl),MT,MT,continental,8.7,7370.0,0.0,0.971,6100,8700
578:MT:SNTL,Bridger Range (Bridger Bowl),MT,MT,continental,35.3,6880.0,0.0,0.6186,6100,8700
700:MT:SNTL,Bridger Range (Bridger Bowl),MT,MT,continental,46.5,6480.0,0.0,0.4335,6100,8700
725:MT:SNTL,Bridger Range (Bridger Bowl),MT,MT,continental,46.9,8090.0,0.0,0.4275,6100,8700
929:MT:SNTL,Bridger Range (Bridger Bowl),MT,MT,continental,6.7,6610.0,0.0,0.9831,6100,8700
754:MT:SNTL,Bridger Range (Bridger Bowl),MT,MT,continental,46.5,8060.0,0.0,0.4335,6100,8700
916:MT:SNTL,Madison & Gallatin (Big Sky),MT,MT,continental,55.6,8500.0,0.0,0.4161,6800,11166
328:MT:SNTL,Madison & Gallatin (Big Sky),MT,MT,continental,37.5,7820.0,0.0,0.6712,6800,11166
385:MT:SNTL,Madison & Gallatin (Big Sky),MT,MT,continental,37.0,9200.0,0.0,0.6789,6800,11166
403:MT:SNTL,Madison & Gallatin (Big Sky),MT,MT,continental,45.8,8770.0,0.0,0.5515,6800,11166
578:MT:SNTL,Madison & Gallatin (Big Sky),MT,MT,continental,41.8,6880.0,0.0,0.6098,6800,11166
590:MT:SNTL,Madison & Gallatin (Big Sky),MT,MT,continental,2.4,8820.0,0.0,0.9984,6800,11166
603:MT:SNTL,Madison & Gallatin (Big Sky),MT,MT,continental,47.7,7920.0,0.0,0.525,6800,11166
753:MT:SNTL,Madison & Gallatin (Big Sky),MT,MT,continental,55.3,6990.0,0.0,0.4208,6800,11166
754:MT:SNTL,Madison & Gallatin (Big Sky),MT,MT,continental,37.0,8060.0,0.0,0.6785,6800,11166
813:MT:SNTL,Madison & Gallatin (Big Sky),MT,MT,continental,60.7,7950.0,0.0,0.3525,6800,11166
326:WY:SNTL,Beartooth & Absaroka (Red Lodge),MT,MT+WY,continental,32.4,9360.0,0.0,0.817,7016,9416
363:MT:SNTL,Beartooth & Absaroka (Red Lodge),MT,MT+WY,continental,71.1,6720.0,296.0,0.3672,7016,9416
981:MT:SNTL,Beartooth & Absaroka (Red Lodge),MT,MT+WY,continental,10.3,5920.0,1096.0,0.6456,7016,9416
407:MT:SNTL,Beartooth & Absaroka (Red Lodge),MT,MT+WY,continental,0.5,7910.0,0.0,1.0,7016,9416
1105:MT:SNTL,Beartooth & Absaroka (Red Lodge),MT,MT+WY,continental,67.0,6310.0,706.0,0.3552,7016,9416
472:WY:SNTL,Beartooth & Absaroka (Red Lodge),MT,MT+WY,continental,68.9,9030.0,0.0,0.4012,7016,9416
480:MT:SNTL,Beartooth & Absaroka (Red Lodge),MT,MT+WY,continental,48.9,9110.0,0.0,0.6315,7016,9416
1322:MT:SNTL,Beartooth & Absaroka (Red Lodge),MT,MT+WY,continental,83.1,7420.0,0.0,0.2649,7016,9416
635:MT:SNTL,Beartooth & Absaroka (Red Lodge),MT,MT+WY,continental,69.7,8740.0,0.0,0.3934,7016,9416
670:MT:SNTL,Beartooth & Absaroka (Red Lodge),MT,MT+WY,continental,56.1,7420.0,0.0,0.5458,7016,9416
683:WY:SNTL,Beartooth & Absaroka (Red Lodge),MT,MT+WY,continental,67.5,9420.0,4.0,0.4162,7016,9416
696:MT:SNTL,Beartooth & Absaroka (Red Lodge),MT,MT+WY,continental,63.2,8790.0,0.0,0.464,7016,9416
862:MT:SNTL,Beartooth & Absaroka (Red Lodge),MT,MT+WY,continental,46.9,8730.0,0.0,0.6554,7016,9416
875:WY:SNTL,Beartooth & Absaroka (Red Lodge),MT,MT+WY,continental,49.3,7660.0,0.0,0.6266,7016,9416
306:ID:SNTL,Sawtooth & Smoky (Sun Valley),ID,ID,intermountain,67.7,7570.0,0.0,0.4554,5750,9150
320:ID:SNTL,Sawtooth & Smoky (Sun Valley),ID,ID,intermountain,38.4,7920.0,0.0,0.7769,5750,9150
382:ID:SNTL,Sawtooth & Smoky (Sun Valley),ID,ID,intermountain,88.3,5720.0,30.0,0.2625,5750,9150
895:ID:SNTL,Sawtooth & Smoky (Sun Valley),ID,ID,intermountain,10.9,6310.0,0.0,0.98,5750,9150
1306:ID:SNTL,Sawtooth & Smoky (Sun Valley),ID,ID,intermountain,36.3,6780.0,0.0,0.7979,5750,9150
450:ID:SNTL,Sawtooth & Smoky (Sun Valley),ID,ID,intermountain,23.0,8390.0,0.0,0.9133,5750,9150
1305:ID:SNTL,Sawtooth & Smoky (Sun Valley),ID,ID,intermountain,56.7,6380.0,0.0,0.5766,5750,9150
489:ID:SNTL,Sawtooth & Smoky (Sun Valley),ID,ID,intermountain,31.4,7470.0,0.0,0.8444,5750,9150
490:ID:SNTL,Sawtooth & Smoky (Sun Valley),ID,ID,intermountain,33.6,8790.0,0.0,0.8242,5750,9150
492:ID:SNTL,Sawtooth & Smoky (Sun Valley),ID,ID,intermountain,38.7,6580.0,0.0,0.7732,5750,9150
496:ID:SNTL,Sawtooth & Smoky (Sun Valley),ID,ID,intermountain,76.5,5690.0,60.0,0.3663,5750,9150
524:ID:SNTL,Sawtooth & Smoky (Sun Valley),ID,ID,intermountain,84.2,8090.0,0.0,0.2968,5750,9150
537:ID:SNTL,Sawtooth & Smoky (Sun Valley),ID,ID,intermountain,20.2,7590.0,0.0,0.9322,5750,9150
601:ID:SNTL,Sawtooth & Smoky (Sun Valley),ID,ID,intermountain,20.4,7870.0,0.0,0.931,5750,9150
627:ID:SNTL,Sawtooth & Smoky (Sun Valley),ID,ID,intermountain,89.3,8780.0,0.0,0.2548,5750,9150
926:ID:SNTL,Sawtooth & Smoky (Sun Valley),ID,ID,intermountain,46.3,9540.0,390.0,0.6568,5750,9150
769:ID:SNTL,Sawtooth & Smoky (Sun Valley),ID,ID,intermountain,39.9,5780.0,0.0,0.7613,5750,9150
792:ID:SNTL,Sawtooth & Smoky (Sun Valley),ID,ID,intermountain,26.3,7440.0,0.0,0.8881,5750,9150
805:ID:SNTL,Sawtooth & Smoky (Sun Valley),ID,ID,intermountain,35.4,7640.0,0.0,0.8064,5750,9150
830:ID:SNTL,Sawtooth & Smoky (Sun Valley),ID,ID,intermountain,83.3,7790.0,0.0,0.3044,5750,9150
845:ID:SNTL,Sawtooth & Smoky (Sun Valley),ID,ID,intermountain,38.7,8930.0,0.0,0.7734,5750,9150
319:ID:SNTL,W Central Idaho (Brundage/Tamarack),ID,ID,intermountain,13.8,5350.0,490.0,0.8826,5840,7640
324:ID:SNTL,W Central Idaho (Brundage/Tamarack),ID,ID,intermountain,71.9,6170.0,0.0,0.3258,5840,7640
338:ID:SNTL,W Central Idaho (Brundage/Tamarack),ID,ID,intermountain,34.5,6550.0,0.0,0.7723,5840,7640
370:ID:SNTL,W Central Idaho (Brundage/Tamarack),ID,ID,intermountain,23.9,6280.0,0.0,0.8835,5840,7640
423:ID:SNTL,W Central Idaho (Brundage/Tamarack),ID,ID,intermountain,70.7,5410.0,430.0,0.3168,5840,7640
439:ID:SNTL,W Central Idaho (Brundage/Tamarack),ID,ID,intermountain,54.5,6990.0,0.0,0.5244,5840,7640
1016:ID:SNTL,W Central Idaho (Brundage/Tamarack),ID,ID,intermountain,5.4,4890.0,950.0,0.7264,5840,7640
782:ID:SNTL,W Central Idaho (Brundage/Tamarack),ID,ID,intermountain,11.5,6240.0,0.0,0.9717,5840,7640
740:ID:SNTL,W Central Idaho (Brundage/Tamarack),ID,ID,intermountain,41.9,6530.0,0.0,0.6836,5840,7640
979:ID:SNTL,W Central Idaho (Brundage/Tamarack),ID,ID,intermountain,52.9,4960.0,880.0,0.4164,5840,7640
855:ID:SNTL,W Central Idaho (Brundage/Tamarack),ID,ID,intermountain,37.4,5590.0,250.0,0.7224,5840,7640
314:WY:SNTL,Tetons (Jackson/Targhee),WY,WY+ID,intermountain,45.6,7040.0,0.0,0.5978,6300,10450
1082:WY:SNTL,Tetons (Jackson/Targhee),WY,WY+ID,intermountain,10.6,9260.0,0.0,0.9728,6300,10450
497:WY:SNTL,Tetons (Jackson/Targhee),WY,WY+ID,intermountain,53.3,6770.0,0.0,0.4964,6300,10450
499:WY:SNTL,Tetons (Jackson/Targhee),WY,WY+ID,intermountain,49.0,7330.0,0.0,0.5528,6300,10450
506:WY:SNTL,Tetons (Jackson/Targhee),WY,WY+ID,intermountain,70.0,8760.0,0.0,0.2986,6300,10450
577:WY:SNTL,Tetons (Jackson/Targhee),WY,WY+ID,intermountain,60.7,7880.0,0.0,0.4021,6300,10450
689:WY:SNTL,Tetons (Jackson/Targhee),WY,WY+ID,intermountain,19.0,8170.0,0.0,0.9144,6300,10450
695:ID:SNTL,Tetons (Jackson/Targhee),WY,WY+ID,intermountain,28.7,6710.0,0.0,0.8157,6300,10450
764:WY:SNTL,Tetons (Jackson/Targhee),WY,WY+ID,intermountain,52.8,6900.0,0.0,0.5028,6300,10450
822:WY:SNTL,Tetons (Jackson/Targhee),WY,WY+ID,intermountain,67.5,9590.0,0.0,0.3243,6300,10450
837:WY:SNTL,Tetons (Jackson/Targhee),WY,WY+ID,intermountain,74.6,9240.0,0.0,0.253,6300,10450
342:WY:SNTL,Wind River Range,WY,WY,continental,59.7,9100.0,0.0,0.578,7000,10000
353:WY:SNTL,Wind River Range,WY,WY,continental,79.5,8880.0,0.0,0.3783,7000,10000
379:WY:SNTL,Wind River Range,WY,WY,continental,66.4,8760.0,0.0,0.507,7000,10000
1130:WY:SNTL,Wind River Range,WY,WY,continental,67.6,8410.0,0.0,0.4949,7000,10000
405:WY:SNTL,Wind River Range,WY,WY,continental,25.7,9640.0,0.0,0.9034,7000,10000
923:WY:SNTL,Wind River Range,WY,WY,continental,83.2,9690.0,0.0,0.3449,7000,10000
460:WY:SNTL,Wind River Range,WY,WY,continental,45.0,8010.0,0.0,0.7326,7000,10000
468:WY:SNTL,Wind River Range,WY,WY,continental,13.6,9410.0,0.0,0.9717,7000,10000
497:WY:SNTL,Wind River Range,WY,WY,continental,69.1,6770.0,230.0,0.4708,7000,10000
506:WY:SNTL,Wind River Range,WY,WY,continental,50.4,8760.0,0.0,0.6761,7000,10000
944:WY:SNTL,Wind River Range,WY,WY,continental,36.5,9820.0,0.0,0.8144,7000,10000
525:WY:SNTL,Wind River Range,WY,WY,continental,51.9,10080.0,80.0,0.6589,7000,10000
555:WY:SNTL,Wind River Range,WY,WY,continental,34.1,7790.0,0.0,0.8366,7000,10000
560:WY:SNTL,Wind River Range,WY,WY,continental,88.6,9580.0,0.0,0.2985,7000,10000
1134:WY:SNTL,Wind River Range,WY,WY,continental,73.7,8880.0,0.0,0.433,7000,10000
585:WY:SNTL,Wind River Range,WY,WY,continental,45.5,9370.0,0.0,0.7267,7000,10000
597:WY:SNTL,Wind River Range,WY,WY,continental,40.6,8240.0,0.0,0.7759,7000,10000
661:WY:SNTL,Wind River Range,WY,WY,continental,24.4,8380.0,0.0,0.9128,7000,10000
676:WY:SNTL,Wind River Range,WY,WY,continental,80.8,8990.0,0.0,0.3658,7000,10000
1133:WY:SNTL,Wind River Range,WY,WY,continental,47.3,9370.0,0.0,0.7086,7000,10000
1358:WY:SNTL,Wind River Range,WY,WY,continental,25.8,10220.0,220.0,0.8873,7000,10000
775:WY:SNTL,Wind River Range,WY,WY,continental,88.1,9040.0,0.0,0.303,7000,10000
786:WY:SNTL,Wind River Range,WY,WY,continental,39.7,8610.0,0.0,0.7848,7000,10000
822:WY:SNTL,Wind River Range,WY,WY,continental,79.3,9590.0,0.0,0.3797,7000,10000
826:WY:SNTL,Wind River Range,WY,WY,continental,76.2,8720.0,0.0,0.4096,7000,10000
831:WY:SNTL,Wind River Range,WY,WY,continental,85.3,8520.0,0.0,0.3267,7000,10000
878:WY:SNTL,Wind River Range,WY,WY,continental,93.5,8340.0,0.0,0.2603,7000,10000
325:WY:SNTL,Bighorn Mtns (Meadowlark),WY,WY,continental,31.2,8200.0,0.0,0.829,7500,9500
931:WY:SNTL,Bighorn Mtns (Meadowlark),WY,WY,continental,47.7,8010.0,0.0,0.6454,7500,9500
358:WY:SNTL,Bighorn Mtns (Meadowlark),WY,WY,continental,66.1,9340.0,0.0,0.4314,7500,9500
377:WY:SNTL,Bighorn Mtns (Meadowlark),WY,WY,continental,75.6,7910.0,0.0,0.3337,7500,9500
402:WY:SNTL,Bighorn Mtns (Meadowlark),WY,WY,continental,30.3,9830.0,330.0,0.8074,7500,9500
451:WY:SNTL,Bighorn Mtns (Meadowlark),WY,WY,continental,47.8,8890.0,0.0,0.6443,7500,9500
501:WY:SNTL,Bighorn Mtns (Meadowlark),WY,WY,continental,76.1,8560.0,0.0,0.3287,7500,9500
512:WY:SNTL,Bighorn Mtns (Meadowlark),WY,WY,continental,21.1,8360.0,0.0,0.9177,7500,9500
1131:WY:SNTL,Bighorn Mtns (Meadowlark),WY,WY,continental,43.7,8560.0,0.0,0.6922,7500,9500
625:WY:SNTL,Bighorn Mtns (Meadowlark),WY,WY,continental,58.1,7760.0,0.0,0.5222,7500,9500
703:WY:SNTL,Bighorn Mtns (Meadowlark),WY,WY,continental,6.0,9480.0,0.0,0.993,7500,9500
751:WY:SNTL,Bighorn Mtns (Meadowlark),WY,WY,continental,43.0,9570.0,70.0,0.6997,7500,9500
1132:WY:SNTL,Bighorn Mtns (Meadowlark),WY,WY,continental,26.6,8680.0,0.0,0.8728,7500,9500
798:WY:SNTL,Bighorn Mtns (Meadowlark),WY,WY,continental,65.6,8840.0,0.0,0.4367,7500,9500
818:WY:SNTL,Bighorn Mtns (Meadowlark),WY,WY,continental,75.5,7050.0,450.0,0.3114,7500,9500
1161:CO:SNTL,Snowy Range & Sierra Madre,WY,WY,continental,69.7,8940.0,0.0,0.4351,8798,9663
1119:WY:SNTL,Snowy Range & Sierra Madre,WY,WY,continental,51.1,9830.0,167.0,0.6324,8798,9663
367:WY:SNTL,Snowy Range & Sierra Madre,WY,WY,continental,2.0,10250.0,587.0,0.8866,8798,9663
1046:WY:SNTL,Snowy Range & Sierra Madre,WY,WY,continental,11.6,9670.0,7.0,0.9771,8798,9663
1045:WY:SNTL,Snowy Range & Sierra Madre,WY,WY,continental,72.2,8320.0,478.0,0.3782,8798,9663
438:CO:SNTL,Snowy Range & Sierra Madre,WY,WY,continental,71.3,10240.0,577.0,0.3722,8798,9663
449:WY:SNTL,Snowy Range & Sierra Madre,WY,WY,continental,76.7,8700.0,98.0,0.3637,8798,9663
467:CO:SNTL,Snowy Range & Sierra Madre,WY,WY,continental,82.5,8710.0,88.0,0.3106,8798,9663
1047:WY:SNTL,Snowy Range & Sierra Madre,WY,WY,continental,66.4,8930.0,0.0,0.469,8798,9663
940:CO:SNTL,Snowy Range & Sierra Madre,WY,WY,continental,72.7,9350.0,0.0,0.4042,8798,9663
1196:WY:SNTL,Snowy Range & Sierra Madre,WY,WY,continental,10.1,10500.0,837.0,0.7705,8798,9663
668:WY:SNTL,Snowy Range & Sierra Madre,WY,WY,continental,11.7,10150.0,487.0,0.8994,8798,9663
673:WY:SNTL,Snowy Range & Sierra Madre,WY,WY,continental,64.8,9840.0,177.0,0.4814,8798,9663
1032:CO:SNTL,Snowy Range & Sierra Madre,WY,WY,continental,73.1,9100.0,0.0,0.3995,8798,9663
718:CO:SNTL,Snowy Range & Sierra Madre,WY,WY,continental,54.4,9710.0,47.0,0.6018,8798,9663
1015:WY:SNTL,Snowy Range & Sierra Madre,WY,WY,continental,85.5,7830.0,968.0,0.2063,8798,9663
731:WY:SNTL,Snowy Range & Sierra Madre,WY,WY,continental,13.8,10080.0,417.0,0.911,8798,9663
732:WY:SNTL,Snowy Range & Sierra Madre,WY,WY,continental,82.3,8150.0,648.0,0.2708,8798,9663
772:WY:SNTL,Snowy Range & Sierra Madre,WY,WY,continental,22.3,8480.0,318.0,0.8865,8798,9663
852:WY:SNTL,Snowy Range & Sierra Madre,WY,WY,continental,61.4,9250.0,0.0,0.5242,8798,9663
859:WY:SNTL,Snowy Range & Sierra Madre,WY,WY,continental,67.7,8950.0,0.0,0.4554,8798,9663
1033:CO:SNTL,Snowy Range & Sierra Madre,WY,WY,continental,68.0,9320.0,0.0,0.4528,8798,9663
1308:UT:SNTL,Wasatch (Alta/Snowbird/Park City),UT,UT,intermountain,3.6,8750.0,0.0,0.9951,6800,11000
330:UT:SNTL,Wasatch (Alta/Snowbird/Park City),UT,UT,intermountain,42.5,8230.0,0.0,0.4987,6800,11000
1214:UT:SNTL,Wasatch (Alta/Snowbird/Park City),UT,UT,intermountain,57.4,6470.0,330.0,0.2704,6800,11000
366:UT:SNTL,Wasatch (Alta/Snowbird/Park City),UT,UT,intermountain,1.8,8790.0,0.0,0.9987,6800,11000
1039:UT:SNTL,Wasatch (Alta/Snowbird/Park City),UT,UT,intermountain,36.0,7750.0,0.0,0.6061,6800,11000
392:UT:SNTL,Wasatch (Alta/Snowbird/Park City),UT,UT,intermountain,54.1,9160.0,0.0,0.3227,6800,11000
393:UT:SNTL,Wasatch (Alta/Snowbird/Park City),UT,UT,intermountain,54.4,8200.0,0.0,0.319,6800,11000
432:UT:SNTL,Wasatch (Alta/Snowbird/Park City),UT,UT,intermountain,51.3,7920.0,0.0,0.3617,6800,11000
435:UT:SNTL,Wasatch (Alta/Snowbird/Park City),UT,UT,intermountain,45.3,8010.0,0.0,0.4538,6800,11000
906:UT:SNTL,Wasatch (Alta/Snowbird/Park City),UT,UT,intermountain,48.6,7180.0,0.0,0.4024,6800,11000
474:UT:SNTL,Wasatch (Alta/Snowbird/Park City),UT,UT,intermountain,44.5,7920.0,0.0,0.4656,6800,11000
1054:UT:SNTL,Wasatch (Alta/Snowbird/Park City),UT,UT,intermountain,46.5,6850.0,0.0,0.4338,6800,11000
896:UT:SNTL,Wasatch (Alta/Snowbird/Park City),UT,UT,intermountain,30.7,7270.0,0.0,0.6949,6800,11000
1223:UT:SNTL,Wasatch (Alta/Snowbird/Park City),UT,UT,intermountain,51.1,7360.0,0.0,0.3648,6800,11000
596:UT:SNTL,Wasatch (Alta/Snowbird/Park City),UT,UT,intermountain,27.2,8150.0,0.0,0.7515,6800,11000
972:UT:SNTL,Wasatch (Alta/Snowbird/Park City),UT,UT,intermountain,28.4,6740.0,60.0,0.7313,6800,11000
1321:UT:SNTL,Wasatch (Alta/Snowbird/Park City),UT,UT,intermountain,11.9,6960.0,0.0,0.9471,6800,11000
628:UT:SNTL,Wasatch (Alta/Snowbird/Park City),UT,UT,intermountain,6.5,8940.0,0.0,0.9837,6800,11000
684:UT:SNTL,Wasatch (Alta/Snowbird/Park City),UT,UT,intermountain,17.4,7590.0,0.0,0.8898,6800,11000
856:UT:SNTL,Wasatch (Alta/Snowbird/Park City),UT,UT,intermountain,10.6,8330.0,0.0,0.9578,6800,11000
971:UT:SNTL,Wasatch (Alta/Snowbird/Park City),UT,UT,intermountain,40.6,7760.0,0.0,0.53,6800,11000
1225:UT:SNTL,Wasatch (Alta/Snowbird/Park City),UT,UT,intermountain,33.2,8540.0,0.0,0.6535,6800,11000
723:UT:SNTL,Wasatch (Alta/Snowbird/Park City),UT,UT,intermountain,55.7,8700.0,0.0,0.3018,6800,11000
763:UT:SNTL,Wasatch (Alta/Snowbird/Park City),UT,UT,intermountain,47.5,7640.0,0.0,0.4195,6800,11000
766:UT:SNTL,Wasatch (Alta/Snowbird/Park City),UT,UT,intermountain,6.4,9170.0,0.0,0.9842,6800,11000
795:UT:SNTL,Wasatch (Alta/Snowbird/Park City),UT,UT,intermountain,59.4,8100.0,0.0,0.2561,6800,11000
814:UT:SNTL,Wasatch (Alta/Snowbird/Park City),UT,UT,intermountain,6.0,9260.0,0.0,0.9862,6800,11000
820:UT:SNTL,Wasatch (Alta/Snowbird/Park City),UT,UT,intermountain,19.9,8180.0,0.0,0.8581,6800,11000
828:UT:SNTL,Wasatch (Alta/Snowbird/Park City),UT,UT,intermountain,55.6,9970.0,0.0,0.3036,6800,11000
1164:UT:SNTL,Wasatch (Alta/Snowbird/Park City),UT,UT,intermountain,49.2,9770.0,0.0,0.3938,6800,11000
992:UT:SNTL,Uinta Mtns,UT,UT,continental,34.4,8510.0,0.0,0.7732,8000,11000
330:UT:SNTL,Uinta Mtns,UT,UT,continental,51.4,8230.0,0.0,0.5641,8000,11000
1162:UT:SNTL,Uinta Mtns,UT,UT,continental,29.5,8880.0,0.0,0.8275,8000,11000
368:UT:SNTL,Uinta Mtns,UT,UT,continental,15.1,10570.0,0.0,0.9518,8000,11000
1192:UT:SNTL,Uinta Mtns,UT,UT,continental,21.0,9630.0,0.0,0.9086,8000,11000
1135:UT:SNTL,Uinta Mtns,UT,UT,continental,43.3,7900.0,100.0,0.6635,8000,11000
392:UT:SNTL,Uinta Mtns,UT,UT,continental,49.2,9160.0,0.0,0.5912,8000,11000
393:UT:SNTL,Uinta Mtns,UT,UT,continental,52.2,8200.0,0.0,0.5538,8000,11000
396:UT:SNTL,Uinta Mtns,UT,UT,continental,42.1,10490.0,0.0,0.6811,8000,11000
432:UT:SNTL,Uinta Mtns,UT,UT,continental,62.7,7920.0,80.0,0.4246,8000,11000
435:UT:SNTL,Uinta Mtns,UT,UT,continental,78.2,8010.0,0.0,0.265,8000,11000
1163:UT:SNTL,Uinta Mtns,UT,UT,continental,20.8,9360.0,0.0,0.9102,8000,11000
481:UT:SNTL,Uinta Mtns,UT,UT,continental,3.4,10920.0,0.0,0.9975,8000,11000
517:UT:SNTL,Uinta Mtns,UT,UT,continental,34.1,9170.0,0.0,0.7765,8000,11000
521:UT:SNTL,Uinta Mtns,UT,UT,continental,27.8,9510.0,0.0,0.8452,8000,11000
522:UT:SNTL,Uinta Mtns,UT,UT,continental,50.7,9120.0,0.0,0.5723,8000,11000
528:UT:SNTL,Uinta Mtns,UT,UT,continental,36.1,9170.0,0.0,0.7534,8000,11000
566:UT:SNTL,Uinta Mtns,UT,UT,continental,12.8,10120.0,0.0,0.9653,8000,11000
1116:UT:SNTL,Uinta Mtns,UT,UT,continental,20.8,8430.0,0.0,0.9106,8000,11000
513:UT:SNTL,Uinta Mtns,UT,UT,continental,11.0,10890.0,0.0,0.9739,8000,11000
579:UT:SNTL,Uinta Mtns,UT,UT,continental,31.1,9130.0,0.0,0.8108,8000,11000
643:UT:SNTL,Uinta Mtns,UT,UT,continental,52.6,9550.0,0.0,0.5483,8000,11000
1225:UT:SNTL,Uinta Mtns,UT,UT,continental,60.6,8540.0,0.0,0.451,8000,11000
720:UT:SNTL,Uinta Mtns,UT,UT,continental,23.4,7880.0,120.0,0.8835,8000,11000
763:UT:SNTL,Uinta Mtns,UT,UT,continental,50.8,7640.0,360.0,0.5455,8000,11000
1117:UT:SNTL,Uinta Mtns,UT,UT,continental,44.4,10240.0,0.0,0.6516,8000,11000
790:UT:SNTL,Uinta Mtns,UT,UT,continental,23.2,10140.0,0.0,0.8898,8000,11000
828:UT:SNTL,Uinta Mtns,UT,UT,continental,37.9,9970.0,0.0,0.732,8000,11000
833:UT:SNTL,Uinta Mtns,UT,UT,continental,69.8,9440.0,0.0,0.3469,8000,11000
1164:UT:SNTL,Uinta Mtns,UT,UT,continental,52.2,9770.0,0.0,0.5532,8000,11000
339:UT:SNTL,Tushar Mtns (Eagle Point),UT,UT,continental,3.2,10320.0,0.0,0.9971,9000,10600
364:UT:SNTL,Tushar Mtns (Eagle Point),UT,UT,continental,37.6,9850.0,0.0,0.6697,9000,10600
1156:UT:SNTL,Tushar Mtns (Eagle Point),UT,UT,continental,37.8,9230.0,0.0,0.6672,9000,10600
983:UT:SNTL,Tushar Mtns (Eagle Point),UT,UT,continental,61.8,10010.0,0.0,0.3391,9000,10600
1149:UT:SNTL,Tushar Mtns (Eagle Point),UT,UT,continental,57.1,8780.0,220.0,0.3901,9000,10600
1099:UT:SNTL,Tushar Mtns (Eagle Point),UT,UT,continental,33.7,9710.0,0.0,0.725,9000,10600
557:UT:SNTL,Tushar Mtns (Eagle Point),UT,UT,continental,17.8,9110.0,0.0,0.914,9000,10600
621:UT:SNTL,Tushar Mtns (Eagle Point),UT,UT,continental,5.4,8710.0,290.0,0.9632,9000,10600
694:UT:SNTL,Tushar Mtns (Eagle Point),UT,UT,continental,63.1,8730.0,270.0,0.3156,9000,10600
1309:UT:SNTL,Tushar Mtns (Eagle Point),UT,UT,continental,38.8,8600.0,400.0,0.6168,9000,10600
865:UT:SNTL,Tushar Mtns (Eagle Point),UT,UT,continental,69.6,9640.0,0.0,0.2532,9000,10600
907:UT:SNTL,Markagunt (Brian Head),UT,UT,continental,54.7,8890.0,710.0,0.3591,9600,10970
1154:UT:SNTL,Markagunt (Brian Head),UT,UT,continental,2.5,10040.0,0.0,0.9982,9600,10970
390:UT:SNTL,Markagunt (Brian Head),UT,UT,continental,10.6,9600.0,0.0,0.9687,9600,10970
1066:UT:SNTL,Markagunt (Brian Head),UT,UT,continental,63.4,8320.0,1280.0,0.1815,9600,10970
514:UT:SNTL,Markagunt (Brian Head),UT,UT,continental,33.7,7800.0,1800.0,0.2352,9600,10970
561:UT:SNTL,Markagunt (Brian Head),UT,UT,continental,26.5,9250.0,350.0,0.7852,9600,10970
592:UT:SNTL,Markagunt (Brian Head),UT,UT,continental,52.6,7990.0,1610.0,0.1857,9600,10970
593:UT:SNTL,Markagunt (Brian Head),UT,UT,continental,37.9,7460.0,2140.0,0.1356,9600,10970
626:UT:SNTL,Markagunt (Brian Head),UT,UT,continental,14.8,9830.0,0.0,0.94,9600,10970
1148:UT:SNTL,Markagunt (Brian Head),UT,UT,continental,17.5,8300.0,1300.0,0.5097,9600,10970
1248:UT:SNTL,Markagunt (Brian Head),UT,UT,continental,13.6,8050.0,1550.0,0.412,9600,10970
853:UT:SNTL,Markagunt (Brian Head),UT,UT,continental,14.8,9150.0,450.0,0.8758,9600,10970
1197:UT:SNTL,Markagunt (Brian Head),UT,UT,continental,8.3,8680.0,920.0,0.7308,9600,10970
1030:CO:SNTL,Park Range (Steamboat),CO,CO,continental,37.7,10960.0,392.0,0.6334,6900,10568
1061:CO:SNTL,Park Range (Steamboat),CO,CO,continental,47.3,9100.0,0.0,0.5302,6900,10568
1119:WY:SNTL,Park Range (Steamboat),CO,CO,continental,67.0,9830.0,0.0,0.2797,6900,10568
913:CO:SNTL,Park Range (Steamboat),CO,CO,continental,31.0,9240.0,0.0,0.762,6900,10568
408:CO:SNTL,Park Range (Steamboat),CO,CO,continental,18.3,9170.0,0.0,0.9098,6900,10568
426:CO:SNTL,Park Range (Steamboat),CO,CO,continental,38.7,8960.0,0.0,0.6539,6900,10568
457:CO:SNTL,Park Range (Steamboat),CO,CO,continental,8.7,8240.0,0.0,0.9786,6900,10568
467:CO:SNTL,Park Range (Steamboat),CO,CO,continental,45.6,8710.0,0.0,0.5552,6900,10568
1252:CO:SNTL,Park Range (Steamboat),CO,CO,continental,45.3,8780.0,0.0,0.5595,6900,10568
1047:WY:SNTL,Park Range (Steamboat),CO,CO,continental,69.2,8930.0,0.0,0.2575,6900,10568
940:CO:SNTL,Park Range (Steamboat),CO,CO,continental,40.1,9350.0,0.0,0.6335,6900,10568
607:CO:SNTL,Park Range (Steamboat),CO,CO,continental,43.6,8910.0,0.0,0.5831,6900,10568
709:CO:SNTL,Park Range (Steamboat),CO,CO,continental,11.3,9390.0,0.0,0.9642,6900,10568
717:CO:SNTL,Park Range (Steamboat),CO,CO,continental,56.8,10340.0,0.0,0.4007,6900,10568
825:CO:SNTL,Park Range (Steamboat),CO,CO,continental,14.0,10610.0,42.0,0.9452,6900,10568
827:CO:SNTL,Park Range (Steamboat),CO,CO,continental,62.8,9750.0,0.0,0.3272,6900,10568
859:WY:SNTL,Park Range (Steamboat),CO,CO,continental,61.4,8950.0,0.0,0.3436,6900,10568
869:CO:SNTL,Park Range (Steamboat),CO,CO,continental,61.3,9520.0,0.0,0.3448,6900,10568
1033:CO:SNTL,Park Range (Steamboat),CO,CO,continental,41.5,9320.0,0.0,0.6139,6900,10568
305:CO:SNTL,Front Range (Winter Park/Loveland/A-Basin),CO,CO,continental,21.1,9660.0,0.0,0.8416,9000,13050
1041:CO:SNTL,Front Range (Winter Park/Loveland/A-Basin),CO,CO,continental,59.1,8530.0,470.0,0.2406,9000,13050
335:CO:SNTL,Front Range (Winter Park/Loveland/A-Basin),CO,CO,continental,9.4,11300.0,0.0,0.9667,9000,13050
938:CO:SNTL,Front Range (Winter Park/Loveland/A-Basin),CO,CO,continental,53.4,11160.0,0.0,0.3334,9000,13050
412:CO:SNTL,Front Range (Winter Park/Loveland/A-Basin),CO,CO,continental,57.3,8570.0,430.0,0.2637,9000,13050
415:CO:SNTL,Front Range (Winter Park/Loveland/A-Basin),CO,CO,continental,39.3,10500.0,0.0,0.5514,9000,13050
936:CO:SNTL,Front Range (Winter Park/Loveland/A-Basin),CO,CO,continental,23.3,10660.0,0.0,0.8117,9000,13050
1120:CO:SNTL,Front Range (Winter Park/Loveland/A-Basin),CO,CO,continental,51.6,10550.0,0.0,0.3582,9000,13050
1186:CO:SNTL,Front Range (Winter Park/Loveland/A-Basin),CO,CO,continental,14.8,11130.0,0.0,0.9186,9000,13050
485:CO:SNTL,Front Range (Winter Park/Loveland/A-Basin),CO,CO,continental,49.9,11310.0,0.0,0.3827,9000,13050
505:CO:SNTL,Front Range (Winter Park/Loveland/A-Basin),CO,CO,continental,10.2,11110.0,0.0,0.9604,9000,13050
1187:CO:SNTL,Front Range (Winter Park/Loveland/A-Basin),CO,CO,continental,34.2,10630.0,0.0,0.6375,9000,13050
531:CO:SNTL,Front Range (Winter Park/Loveland/A-Basin),CO,CO,continental,45.7,11600.0,0.0,0.4471,9000,13050
935:CO:SNTL,Front Range (Winter Park/Loveland/A-Basin),CO,CO,continental,18.7,11030.0,0.0,0.8734,9000,13050
970:CO:SNTL,Front Range (Winter Park/Loveland/A-Basin),CO,CO,continental,6.2,10430.0,0.0,0.9854,9000,13050
564:CO:SNTL,Front Range (Winter Park/Loveland/A-Basin),CO,CO,continental,31.1,9700.0,0.0,0.6892,9000,13050
602:CO:SNTL,Front Range (Winter Park/Loveland/A-Basin),CO,CO,continental,8.5,11410.0,0.0,0.9723,9000,13050
937:CO:SNTL,Front Range (Winter Park/Loveland/A-Basin),CO,CO,continental,33.9,10700.0,0.0,0.6416,9000,13050
1014:CO:SNTL,Front Range (Winter Park/Loveland/A-Basin),CO,CO,continental,17.0,8960.0,40.0,0.8935,9000,13050
663:CO:SNTL,Front Range (Winter Park/Loveland/A-Basin),CO,CO,continental,41.9,9940.0,0.0,0.5074,9000,13050
1251:CO:SNTL,Front Range (Winter Park/Loveland/A-Basin),CO,CO,continental,49.7,9640.0,0.0,0.3863,9000,13050
793:CO:SNTL,Front Range (Winter Park/Loveland/A-Basin),CO,CO,continental,54.7,8760.0,240.0,0.3085,9000,13050
802:CO:SNTL,Front Range (Winter Park/Loveland/A-Basin),CO,CO,continental,26.9,9350.0,0.0,0.7565,9000,13050
838:CO:SNTL,Front Range (Winter Park/Loveland/A-Basin),CO,CO,continental,40.2,10330.0,0.0,0.5368,9000,13050
842:CO:SNTL,Front Range (Winter Park/Loveland/A-Basin),CO,CO,continental,47.7,10290.0,0.0,0.415,9000,13050
1042:CO:SNTL,Front Range (Winter Park/Loveland/A-Basin),CO,CO,continental,55.6,9410.0,0.0,0.3033,9000,13050
305:CO:SNTL,Gore & Tenmile (Vail/Summit/Copper),CO,CO,continental,55.9,9660.0,0.0,0.3,8120,12998
1041:CO:SNTL,Gore & Tenmile (Vail/Summit/Copper),CO,CO,continental,27.7,8530.0,0.0,0.7441,8120,12998
335:CO:SNTL,Gore & Tenmile (Vail/Summit/Copper),CO,CO,continental,46.2,11300.0,0.0,0.4386,8120,12998
369:CO:SNTL,Gore & Tenmile (Vail/Summit/Copper),CO,CO,continental,58.6,10570.0,0.0,0.2663,8120,12998
938:CO:SNTL,Gore & Tenmile (Vail/Summit/Copper),CO,CO,continental,27.4,11160.0,0.0,0.7488,8120,12998
1101:CO:SNTL,Gore & Tenmile (Vail/Summit/Copper),CO,CO,continental,48.4,10090.0,0.0,0.4045,8120,12998
415:CO:SNTL,Gore & Tenmile (Vail/Summit/Copper),CO,CO,continental,6.2,10500.0,0.0,0.9853,8120,12998
936:CO:SNTL,Gore & Tenmile (Vail/Summit/Copper),CO,CO,continental,53.2,10660.0,0.0,0.3353,8120,12998
1120:CO:SNTL,Gore & Tenmile (Vail/Summit/Copper),CO,CO,continental,40.8,10550.0,0.0,0.526,8120,12998
1186:CO:SNTL,Gore & Tenmile (Vail/Summit/Copper),CO,CO,continental,46.0,11130.0,0.0,0.4418,8120,12998
485:CO:SNTL,Gore & Tenmile (Vail/Summit/Copper),CO,CO,continental,17.9,11310.0,0.0,0.8833,8120,12998
505:CO:SNTL,Gore & Tenmile (Vail/Summit/Copper),CO,CO,continental,30.4,11110.0,0.0,0.7002,8120,12998
531:CO:SNTL,Gore & Tenmile (Vail/Summit/Copper),CO,CO,continental,23.3,11600.0,0.0,0.8117,8120,12998
547:CO:SNTL,Gore & Tenmile (Vail/Summit/Copper),CO,CO,continental,41.0,10540.0,0.0,0.5225,8120,12998
935:CO:SNTL,Gore & Tenmile (Vail/Summit/Copper),CO,CO,continental,33.9,11030.0,0.0,0.6422,8120,12998
970:CO:SNTL,Gore & Tenmile (Vail/Summit/Copper),CO,CO,continental,35.1,10430.0,0.0,0.6214,8120,12998
556:CO:SNTL,Gore & Tenmile (Vail/Summit/Copper),CO,CO,continental,43.7,9610.0,0.0,0.4784,8120,12998
602:CO:SNTL,Gore & Tenmile (Vail/Summit/Copper),CO,CO,continental,29.2,11410.0,0.0,0.7194,8120,12998
1040:CO:SNTL,Gore & Tenmile (Vail/Summit/Copper),CO,CO,continental,30.5,9500.0,0.0,0.6982,8120,12998
937:CO:SNTL,Gore & Tenmile (Vail/Summit/Copper),CO,CO,continental,27.2,10700.0,0.0,0.7514,8120,12998
1014:CO:SNTL,Gore & Tenmile (Vail/Summit/Copper),CO,CO,continental,31.8,8960.0,0.0,0.6778,8120,12998
658:CO:SNTL,Gore & Tenmile (Vail/Summit/Copper),CO,CO,continental,44.6,8710.0,0.0,0.4649,8120,12998
939:CO:SNTL,Gore & Tenmile (Vail/Summit/Copper),CO,CO,continental,58.2,10420.0,0.0,0.2711,8120,12998
802:CO:SNTL,Gore & Tenmile (Vail/Summit/Copper),CO,CO,continental,19.9,9350.0,0.0,0.858,8120,12998
842:CO:SNTL,Gore & Tenmile (Vail/Summit/Copper),CO,CO,continental,17.9,10290.0,0.0,0.8843,8120,12998
369:CO:SNTL,Elk Mtns (Aspen/Crested Butte),CO,CO,continental,30.6,10570.0,0.0,0.7357,7945,12162
380:CO:SNTL,Elk Mtns (Aspen/Crested Butte),CO,CO,continental,17.3,10190.0,0.0,0.9058,7945,12162
1326:CO:SNTL,Elk Mtns (Aspen/Crested Butte),CO,CO,continental,6.5,11510.0,0.0,0.9862,7945,12162
1101:CO:SNTL,Elk Mtns (Aspen/Crested Butte),CO,CO,continental,33.2,10090.0,0.0,0.6954,7945,12162
542:CO:SNTL,Elk Mtns (Aspen/Crested Butte),CO,CO,continental,24.4,10570.0,0.0,0.8217,7945,12162
547:CO:SNTL,Elk Mtns (Aspen/Crested Butte),CO,CO,continental,40.5,10540.0,0.0,0.5831,7945,12162
556:CO:SNTL,Elk Mtns (Aspen/Crested Butte),CO,CO,continental,38.7,9610.0,0.0,0.6109,7945,12162
618:CO:SNTL,Elk Mtns (Aspen/Crested Butte),CO,CO,continental,35.6,8760.0,0.0,0.6598,7945,12162
658:CO:SNTL,Elk Mtns (Aspen/Crested Butte),CO,CO,continental,37.4,8710.0,0.0,0.6319,7945,12162
669:CO:SNTL,Elk Mtns (Aspen/Crested Butte),CO,CO,continental,22.1,9190.0,0.0,0.8511,7945,12162
675:CO:SNTL,Elk Mtns (Aspen/Crested Butte),CO,CO,continental,64.5,9890.0,0.0,0.255,7945,12162
680:CO:SNTL,Elk Mtns (Aspen/Crested Butte),CO,CO,continental,36.0,9600.0,0.0,0.653,7945,12162
1100:CO:SNTL,Elk Mtns (Aspen/Crested Butte),CO,CO,continental,59.2,10420.0,0.0,0.3157,7945,12162
737:CO:SNTL,Elk Mtns (Aspen/Crested Butte),CO,CO,continental,14.0,10640.0,0.0,0.9377,7945,12162
1141:CO:SNTL,Elk Mtns (Aspen/Crested Butte),CO,CO,continental,13.9,10710.0,0.0,0.9383,7945,12162
1344:CO:SNTL,San Juans (Telluride/Purgatory),CO,CO,continental,11.8,11290.0,0.0,0.9614,8725,13150
327:CO:SNTL,San Juans (Telluride/Purgatory),CO,CO,continental,29.0,11580.0,0.0,0.7881,8725,13150
1185:CO:SNTL,San Juans (Telluride/Purgatory),CO,CO,continental,31.1,11580.0,0.0,0.7605,8725,13150
386:CO:SNTL,San Juans (Telluride/Purgatory),CO,CO,continental,14.9,8900.0,0.0,0.9386,8725,13150
387:CO:SNTL,San Juans (Telluride/Purgatory),CO,CO,continental,14.3,8990.0,0.0,0.944,8725,13150
904:CO:SNTL,San Juans (Telluride/Purgatory),CO,CO,continental,41.8,10780.0,0.0,0.6101,8725,13150
465:CO:SNTL,San Juans (Telluride/Purgatory),CO,CO,continental,16.9,10210.0,0.0,0.9223,8725,13150
538:CO:SNTL,San Juans (Telluride/Purgatory),CO,CO,continental,21.5,9780.0,0.0,0.8776,8725,13150
586:CO:SNTL,San Juans (Telluride/Purgatory),CO,CO,continental,8.5,10190.0,0.0,0.9798,8725,13150
589:CO:SNTL,San Juans (Telluride/Purgatory),CO,CO,continental,34.3,9730.0,0.0,0.7162,8725,13150
905:CO:SNTL,San Juans (Telluride/Purgatory),CO,CO,continental,49.4,10020.0,0.0,0.5014,8725,13150
629:CO:SNTL,San Juans (Telluride/Purgatory),CO,CO,continental,11.5,10030.0,0.0,0.9631,8725,13150
632:CO:SNTL,San Juans (Telluride/Purgatory),CO,CO,continental,13.0,10610.0,0.0,0.9535,8725,13150
713:CO:SNTL,San Juans (Telluride/Purgatory),CO,CO,continental,15.7,11060.0,0.0,0.9322,8725,13150
739:CO:SNTL,San Juans (Telluride/Purgatory),CO,CO,continental,22.0,9160.0,0.0,0.8723,8725,13150
1060:CO:SNTL,San Juans (Telluride/Purgatory),CO,CO,continental,40.0,10730.0,0.0,0.636,8725,13150
762:CO:SNTL,San Juans (Telluride/Purgatory),CO,CO,continental,59.6,11560.0,0.0,0.3657,8725,13150
780:CO:SNTL,San Juans (Telluride/Purgatory),CO,CO,continental,10.5,10660.0,0.0,0.9693,8725,13150
797:CO:SNTL,San Juans (Telluride/Purgatory),CO,CO,continental,38.3,11230.0,0.0,0.6595,8725,13150
839:CO:SNTL,San Juans (Telluride/Purgatory),CO,CO,continental,50.6,9370.0,0.0,0.4836,8725,13150
843:CO:SNTL,San Juans (Telluride/Purgatory),CO,CO,continental,43.7,10740.0,0.0,0.5819,8725,13150
1188:CO:SNTL,San Juans (Telluride/Purgatory),CO,CO,continental,42.4,11110.0,0.0,0.6014,8725,13150
1160:CO:SNTL,San Juans (Telluride/Purgatory),CO,CO,continental,53.6,10730.0,0.0,0.4434,8725,13150
327:CO:SNTL,S San Juans (Wolf Creek),CO,CO,continental,68.8,11580.0,0.0,0.261,10300,11904
394:NM:SNTL,S San Juans (Wolf Creek),CO,CO,continental,58.6,8360.0,1940.0,0.1021,10300,11904
431:CO:SNTL,S San Juans (Wolf Creek),CO,CO,continental,58.7,10030.0,270.0,0.3666,10300,11904
1325:CO:SNTL,S San Juans (Wolf Creek),CO,CO,continental,15.3,11680.0,0.0,0.9356,10300,11904
1058:CO:SNTL,S San Juans (Wolf Creek),CO,CO,continental,22.5,11620.0,0.0,0.8659,10300,11904
580:CO:SNTL,S San Juans (Wolf Creek),CO,CO,continental,23.9,11070.0,0.0,0.8501,10300,11904
624:CO:SNTL,S San Juans (Wolf Creek),CO,CO,continental,27.1,11260.0,0.0,0.8125,10300,11904
1124:CO:SNTL,S San Juans (Wolf Creek),CO,CO,continental,58.7,11110.0,0.0,0.3767,10300,11904
1324:CO:SNTL,S San Juans (Wolf Creek),CO,CO,continental,54.1,11680.0,0.0,0.4356,10300,11904
762:CO:SNTL,S San Juans (Wolf Creek),CO,CO,continental,68.0,11560.0,0.0,0.2693,10300,11904
839:CO:SNTL,S San Juans (Wolf Creek),CO,CO,continental,49.6,9370.0,930.0,0.3689,10300,11904
840:CO:SNTL,S San Juans (Wolf Creek),CO,CO,continental,4.0,10140.0,160.0,0.9867,10300,11904
843:CO:SNTL,S San Juans (Wolf Creek),CO,CO,continental,63.0,10740.0,0.0,0.3242,10300,11904
1188:CO:SNTL,S San Juans (Wolf Creek),CO,CO,continental,67.9,11110.0,0.0,0.271,10300,11904
1160:CO:SNTL,S San Juans (Wolf Creek),CO,CO,continental,46.9,10730.0,0.0,0.5363,10300,11904
874:CO:SNTL,S San Juans (Wolf Creek),CO,CO,continental,1.1,10930.0,0.0,0.9997,10300,11904
430:CO:SNTL,N Sangre de Cristo (Taos),NM,NM+CO,continental,71.7,10560.0,0.0,0.2806,9200,12481
491:NM:SNTL,N Sangre de Cristo (Taos),NM,NM+CO,continental,45.7,9460.0,0.0,0.5971,9200,12481
532:NM:SNTL,N Sangre de Cristo (Taos),NM,NM+CO,continental,73.8,10080.0,0.0,0.261,9200,12481
665:NM:SNTL,N Sangre de Cristo (Taos),NM,NM+CO,continental,47.4,10570.0,0.0,0.5744,9200,12481
1170:NM:SNTL,N Sangre de Cristo (Taos),NM,NM+CO,continental,23.4,9330.0,0.0,0.8731,9200,12481
715:NM:SNTL,N Sangre de Cristo (Taos),NM,NM+CO,continental,15.1,9840.0,0.0,0.9456,9200,12481
1254:NM:SNTL,N Sangre de Cristo (Taos),NM,NM+CO,continental,60.4,10640.0,0.0,0.4057,9200,12481
1169:NM:SNTL,N Sangre de Cristo (Taos),NM,NM+CO,continental,28.4,10070.0,0.0,0.8189,9200,12481
1168:NM:SNTL,N Sangre de Cristo (Taos),NM,NM+CO,continental,1.7,11020.0,0.0,0.9993,9200,12481
1307:NM:SNTL,N Sangre de Cristo (Taos),NM,NM+CO,continental,10.2,10990.0,0.0,0.9747,9200,12481
934:NM:SNTL,N Sangre de Cristo (Taos),NM,NM+CO,continental,26.5,10210.0,0.0,0.841,9200,12481
1083:NM:SNTL,N Sangre de Cristo (Taos),NM,NM+CO,continental,52.5,8740.0,460.0,0.4703,9200,12481
857:CO:SNTL,N Sangre de Cristo (Taos),NM,NM+CO,continental,74.7,10260.0,0.0,0.2525,9200,12481
921:NM:SNTL,S Sangre de Cristo (Santa Fe),NM,NM,continental,9.9,8220.0,2130.0,0.2013,10350,12075
491:NM:SNTL,S Sangre de Cristo (Santa Fe),NM,NM,continental,49.5,9460.0,890.0,0.3798,10350,12075
678:NM:SNTL,S Sangre de Cristo (Santa Fe),NM,NM,continental,13.0,8360.0,1990.0,0.241,10350,12075
708:NM:SNTL,S Sangre de Cristo (Santa Fe),NM,NM,continental,54.9,9500.0,850.0,0.331,10350,12075
1254:NM:SNTL,S Sangre de Cristo (Santa Fe),NM,NM,continental,34.4,10640.0,0.0,0.715,10350,12075
922:NM:SNTL,S Sangre de Cristo (Santa Fe),NM,NM,continental,3.2,11480.0,0.0,0.9972,10350,12075
1083:NM:SNTL,S Sangre de Cristo (Santa Fe),NM,NM,continental,44.4,8740.0,1610.0,0.2322,10350,12075
854:NM:SNTL,S Sangre de Cristo (Santa Fe),NM,NM,continental,23.5,11110.0,0.0,0.8553,10350,12075
316:NM:SNTL,Jemez (Pajarito),NM,NM,continental,69.4,9230.0,0.0,0.3516,8500,10441
921:NM:SNTL,Jemez (Pajarito),NM,NM,continental,56.8,8220.0,280.0,0.4832,8500,10441
1173:NM:SNTL,Jemez (Pajarito),NM,NM,continental,18.8,10100.0,0.0,0.9261,8500,10441
678:NM:SNTL,Jemez (Pajarito),NM,NM,continental,66.1,8360.0,140.0,0.3849,8500,10441
708:NM:SNTL,Jemez (Pajarito),NM,NM,continental,3.5,9500.0,0.0,0.9974,8500,10441
1254:NM:SNTL,Jemez (Pajarito),NM,NM,continental,71.6,10640.0,199.0,0.3238,8500,10441
922:NM:SNTL,Jemez (Pajarito),NM,NM,continental,56.5,11480.0,1039.0,0.3442,8500,10441
744:NM:SNTL,Jemez (Pajarito),NM,NM,continental,41.5,8560.0,0.0,0.6879,8500,10441
1017:NM:SNTL,Jemez (Pajarito),NM,NM,continental,40.7,9350.0,0.0,0.698,8500,10441
854:NM:SNTL,Jemez (Pajarito),NM,NM,continental,77.7,11110.0,669.0,0.2309,8500,10441
1139:AZ:SNTL,San Francisco Peaks (AZ Snowbowl),AZ,AZ,continental,33.0,7020.0,2180.0,0.1515,9200,11500
1121:AZ:SNTL,San Francisco Peaks (AZ Snowbowl),AZ,AZ,continental,7.8,7360.0,1840.0,0.3046,9200,11500
488:AZ:SNTL,San Francisco Peaks (AZ Snowbowl),AZ,AZ,continental,31.2,7220.0,1980.0,0.2074,9200,11500
969:AZ:SNTL,San Francisco Peaks (AZ Snowbowl),AZ,AZ,continental,70.5,7520.0,1680.0,0.1278,9200,11500
640:AZ:SNTL,San Francisco Peaks (AZ Snowbowl),AZ,AZ,continental,46.7,7490.0,1710.0,0.2259,9200,11500
1125:AZ:SNTL,San Francisco Peaks (AZ Snowbowl),AZ,AZ,continental,44.1,8450.0,750.0,0.5389,9200,11500
927:AZ:SNTL,San Francisco Peaks (AZ Snowbowl),AZ,AZ,continental,5.3,9720.0,0.0,0.9939,9200,11500
861:AZ:SNTL,San Francisco Peaks (AZ Snowbowl),AZ,AZ,continental,45.3,7190.0,2010.0,0.1575,9200,11500
310:AZ:SNTL,White Mtns AZ (Sunrise Park),AZ,AZ,continental,9.9,9210.0,0.0,0.9813,9200,11100
902:AZ:SNTL,White Mtns AZ (Sunrise Park),AZ,AZ,continental,49.3,8070.0,1130.0,0.4024,9200,11100
416:AZ:SNTL,White Mtns AZ (Sunrise Park),AZ,AZ,continental,47.0,8400.0,800.0,0.524,9200,11100
486:NM:SNTL,White Mtns AZ (Sunrise Park),AZ,AZ,continental,67.7,8010.0,1190.0,0.2532,9200,11100
511:AZ:SNTL,White Mtns AZ (Sunrise Park),AZ,AZ,continental,46.7,9030.0,170.0,0.651,9200,11100
1271:AZ:SNTL,White Mtns AZ (Sunrise Park),AZ,AZ,continental,14.5,8290.0,910.0,0.7205,9200,11100
617:AZ:SNTL,White Mtns AZ (Sunrise Park),AZ,AZ,continental,16.0,9210.0,0.0,0.9522,9200,11100
1127:AZ:SNTL,White Mtns AZ (Sunrise Park),AZ,AZ,continental,43.3,8550.0,650.0,0.6027,9200,11100
866:AZ:SNTL,White Mtns AZ (Sunrise Park),AZ,AZ,continental,30.0,7850.0,1350.0,0.4468,9200,11100
